-- MariaDB dump 10.19  Distrib 10.5.9-MariaDB, for debian-linux-gnu (x86_64)
--
-- Host: localhost    Database: mongdok_db
-- ------------------------------------------------------
-- Server version	10.5.9-MariaDB-1:10.5.9+maria~focal

/*!40101 SET @OLD_CHARACTER_SET_CLIENT=@@CHARACTER_SET_CLIENT */;
/*!40101 SET @OLD_CHARACTER_SET_RESULTS=@@CHARACTER_SET_RESULTS */;
/*!40101 SET @OLD_COLLATION_CONNECTION=@@COLLATION_CONNECTION */;
/*!40101 SET NAMES utf8mb4 */;
/*!40103 SET @OLD_TIME_ZONE=@@TIME_ZONE */;
/*!40103 SET TIME_ZONE='+00:00' */;
/*!40014 SET @OLD_UNIQUE_CHECKS=@@UNIQUE_CHECKS, UNIQUE_CHECKS=0 */;
/*!40014 SET @OLD_FOREIGN_KEY_CHECKS=@@FOREIGN_KEY_CHECKS, FOREIGN_KEY_CHECKS=0 */;
/*!40101 SET @OLD_SQL_MODE=@@SQL_MODE, SQL_MODE='NO_AUTO_VALUE_ON_ZERO' */;
/*!40111 SET @OLD_SQL_NOTES=@@SQL_NOTES, SQL_NOTES=0 */;

--
-- Table structure for table `board`
--

DROP TABLE IF EXISTS `board`;
/*!40101 SET @saved_cs_client     = @@character_set_client */;
/*!40101 SET character_set_client = utf8 */;
CREATE TABLE `board` (
  `id` bigint(20) NOT NULL AUTO_INCREMENT,
  `desk_id` bigint(20) NOT NULL,
  `user_id` varchar(50) CHARACTER SET utf8mb4 COLLATE utf8mb4_unicode_ci NOT NULL,
  `content` text DEFAULT NULL,
  `write_date` datetime DEFAULT NULL,
  `read` tinyint(4) DEFAULT 0,
  PRIMARY KEY (`id`),
  KEY `fk_board_desk1_idx` (`desk_id`),
  KEY `fk_board_user1_idx` (`user_id`),
  CONSTRAINT `fk_board_desk1` FOREIGN KEY (`desk_id`) REFERENCES `desk` (`id`) ON DELETE CASCADE ON UPDATE CASCADE,
  CONSTRAINT `fk_board_user1` FOREIGN KEY (`user_id`) REFERENCES `user` (`id`) ON DELETE CASCADE ON UPDATE CASCADE
) ENGINE=InnoDB AUTO_INCREMENT=4 DEFAULT CHARSET=utf8mb4;
/*!40101 SET character_set_client = @saved_cs_client */;

--
-- Dumping data for table `board`
--

LOCK TABLES `board` WRITE;
/*!40000 ALTER TABLE `board` DISABLE KEYS */;
/*!40000 ALTER TABLE `board` ENABLE KEYS */;
UNLOCK TABLES;

--
-- Table structure for table `dday`
--

DROP TABLE IF EXISTS `dday`;
/*!40101 SET @saved_cs_client     = @@character_set_client */;
/*!40101 SET character_set_client = utf8 */;
CREATE TABLE `dday` (
  `id` bigint(20) NOT NULL AUTO_INCREMENT,
  `desk_id` bigint(20) NOT NULL,
  `title` varchar(50) CHARACTER SET utf8mb4 COLLATE utf8mb4_unicode_ci DEFAULT NULL,
  `finish_date` date DEFAULT NULL,
  `color` int(11) DEFAULT NULL,
  `transform` text DEFAULT NULL,
  PRIMARY KEY (`id`),
  KEY `fk_dday_desk1_idx` (`desk_id`),
  CONSTRAINT `fk_dday_desk1` FOREIGN KEY (`desk_id`) REFERENCES `desk` (`id`) ON DELETE CASCADE ON UPDATE CASCADE
) ENGINE=InnoDB AUTO_INCREMENT=10 DEFAULT CHARSET=utf8mb4;
/*!40101 SET character_set_client = @saved_cs_client */;

--
-- Dumping data for table `dday`
--

LOCK TABLES `dday` WRITE;
/*!40000 ALTER TABLE `dday` DISABLE KEYS */;
INSERT INTO `dday` VALUES (1,1,'특화프로젝트 발표','2021-05-17',NULL,NULL),(2,1,'영철이가 쏘는날~','2021-05-20',NULL,NULL),(3,1,'유정이 생일','2021-06-15',1,'temp');
/*!40000 ALTER TABLE `dday` ENABLE KEYS */;
UNLOCK TABLES;

--
-- Table structure for table `desk`
--

DROP TABLE IF EXISTS `desk`;
/*!40101 SET @saved_cs_client     = @@character_set_client */;
/*!40101 SET character_set_client = utf8 */;
CREATE TABLE `desk` (
  `id` bigint(20) NOT NULL AUTO_INCREMENT,
  `user_id` varchar(50) CHARACTER SET utf8mb4 COLLATE utf8mb4_unicode_ci NOT NULL,
  `promise` text CHARACTER SET utf8mb4 COLLATE utf8mb4_unicode_ci DEFAULT NULL,
  PRIMARY KEY (`id`),
  UNIQUE KEY `UK_3nx1gxtx8xobwmq3sncn6nt48` (`user_id`),
  KEY `fk_desk_user_idx` (`user_id`),
  CONSTRAINT `fk_desk_user` FOREIGN KEY (`user_id`) REFERENCES `user` (`id`) ON DELETE CASCADE ON UPDATE CASCADE
) ENGINE=InnoDB AUTO_INCREMENT=67 DEFAULT CHARSET=utf8mb4;
/*!40101 SET character_set_client = @saved_cs_client */;

--
-- Dumping data for table `desk`
--

LOCK TABLES `desk` WRITE;
/*!40000 ALTER TABLE `desk` DISABLE KEYS */;
INSERT INTO `desk` VALUES (1,'e6e72381-a454-4394-9b97-f2b4597c9546','꼭합격하자~'),(59,'0233867f-fb3b-4244-bda6-9dbc6e8ef272','대학원 합격!'),(60,'1e336c82-ba5c-4f60-887c-7d6b16d6b22c','삼성가고싶다구~~'),(61,'98d06ea2-3167-46ed-9fbd-6b04d9ccfa28','화이팅'),(63,'6c05c3ca-b270-456f-baa0-1c1df77c2232','지우지마!'),(65,'0411cc44-5abe-4d53-9b5a-a4cfb83278fb','아자아아아아ㅏ'),(66,'ee8c93c0-36bf-44be-b7f2-3ebedcc38c65','라인가자');
/*!40000 ALTER TABLE `desk` ENABLE KEYS */;
UNLOCK TABLES;

--
-- Table structure for table `memo`
--

DROP TABLE IF EXISTS `memo`;
/*!40101 SET @saved_cs_client     = @@character_set_client */;
/*!40101 SET character_set_client = utf8 */;
CREATE TABLE `memo` (
  `id` bigint(20) NOT NULL AUTO_INCREMENT,
  `desk_id` bigint(20) NOT NULL,
  `content` text DEFAULT NULL,
  `color` int(11) DEFAULT NULL,
  `transform` text DEFAULT NULL,
  PRIMARY KEY (`id`),
  KEY `fk_memo_desk1_idx` (`desk_id`),
  CONSTRAINT `fk_memo_desk1` FOREIGN KEY (`desk_id`) REFERENCES `desk` (`id`) ON DELETE CASCADE ON UPDATE CASCADE
) ENGINE=InnoDB AUTO_INCREMENT=63 DEFAULT CHARSET=utf8mb4;
/*!40101 SET character_set_client = @saved_cs_client */;

--
-- Dumping data for table `memo`
--

LOCK TABLES `memo` WRITE;
/*!40000 ALTER TABLE `memo` DISABLE KEYS */;
INSERT INTO `memo` VALUES (47,1,'흩날리는 거리에서\n- 나는 뭘 할까\n- 모른다!\n- 내가 어찌ㄹ알아!!!!',0,'matrix(0.945729, -0.0578879, 0.0578879, 0.945729, 363.713, 305.148) translate(83.4983px, -189.448px)'),(48,1,'1. 자소서 쓰기\n2. 잘 쓰기\n3.🥉🥉🥉🥉',1,'matrix(0.4838, 0.28116, -0.28116, 0.4838, 566.241, 33.9893) translate(171.469px, -74.8452px)'),(51,1,'맛점!',0,'matrix(0.802432, 0.287827, -0.287827, 0.802432, 632.026, 36.0262) translate(-315.644px, 447.204px)'),(55,1,'아아악',1,'matrix(1, 0, 0, 1, 370, 51) translate(-252px, 15px)'),(56,60,'',0,'matrix(1, 0, 0, 1, 346, 331) translate(106px, -172px)'),(57,60,'안녕하세요 만나서 반가워용',3,'matrix(0.897603, -0.440805, 0.440805, 0.897603, 288, 179) scale(1.29206, 1.29206)'),(58,60,'너무너무 이뻐',2,'matrix(1, 0, 0, 1, 79, 277) translate(-3px, -20px)'),(59,59,'장관상',3,'matrix(1.335, 0, 0, 1.335, 516, 101) translate(-7.49064px, 19.4757px)'),(60,59,'멤오~😃',2,'matrix(0.950128, 0.311857, -0.311857, 0.950128, 695, 75.9998) translate(-7.15817px, -25.0152px)'),(62,61,'취업 하잣!',0,'matrix(1, 0, 0, 1, 0, 0) translate(0px, 5px)');
/*!40000 ALTER TABLE `memo` ENABLE KEYS */;
UNLOCK TABLES;

--
-- Table structure for table `study`
--

DROP TABLE IF EXISTS `study`;
/*!40101 SET @saved_cs_client     = @@character_set_client */;
/*!40101 SET character_set_client = utf8 */;
CREATE TABLE `study` (
  `id` bigint(20) NOT NULL AUTO_INCREMENT,
  `user_id` varchar(50) CHARACTER SET utf8mb4 COLLATE utf8mb4_unicode_ci NOT NULL,
  `study_time` datetime DEFAULT NULL,
  `start_time` datetime DEFAULT NULL,
  `status` varchar(50) DEFAULT NULL,
  PRIMARY KEY (`id`),
  KEY `fk_study_user1_idx` (`user_id`),
  CONSTRAINT `fk_study_user1` FOREIGN KEY (`user_id`) REFERENCES `user` (`id`) ON DELETE CASCADE ON UPDATE CASCADE
) ENGINE=InnoDB AUTO_INCREMENT=920 DEFAULT CHARSET=utf8mb4;
/*!40101 SET character_set_client = @saved_cs_client */;

--
-- Dumping data for table `study`
--

LOCK TABLES `study` WRITE;
/*!40000 ALTER TABLE `study` DISABLE KEYS */;
INSERT INTO `study` VALUES (1,'e6e72381-a454-4394-9b97-f2b4597c9546','2021-05-10 06:00:00','2021-05-10 06:00:00','PAUSE'),(2,'e6e72381-a454-4394-9b97-f2b4597c9546','2021-05-10 06:00:00','2021-05-10 06:00:00','START'),(3,'e6e72381-a454-4394-9b97-f2b4597c9546','2021-05-10 07:12:05','2021-05-10 06:00:00','END'),(4,'e6e72381-a454-4394-9b97-f2b4597c9546','2021-05-11 00:00:00','2021-05-11 00:00:00','PAUSE'),(5,'e6e72381-a454-4394-9b97-f2b4597c9546','2021-05-11 00:00:00','2021-05-11 00:00:00','START'),(6,'e6e72381-a454-4394-9b97-f2b4597c9546','2021-05-11 03:00:00','2021-05-11 00:00:00','PAUSE'),(7,'e6e72381-a454-4394-9b97-f2b4597c9546','2021-05-11 04:00:00','2021-05-11 00:00:00','START'),(8,'e6e72381-a454-4394-9b97-f2b4597c9546','2021-05-11 08:00:00','2021-05-11 00:00:00','END'),(9,'e6e72381-a454-4394-9b97-f2b4597c9546','2021-05-12 09:00:00','2021-05-12 09:00:00','PAUSE'),(10,'e6e72381-a454-4394-9b97-f2b4597c9546','2021-05-12 09:00:00','2021-05-12 09:00:00','START'),(11,'e6e72381-a454-4394-9b97-f2b4597c9546','2021-05-12 10:30:00','2021-05-12 09:00:00','PAUSE'),(12,'e6e72381-a454-4394-9b97-f2b4597c9546','2021-05-12 11:00:00','2021-05-12 09:00:00','START'),(13,'e6e72381-a454-4394-9b97-f2b4597c9546','2021-05-12 12:40:00','2021-05-12 09:00:00','END'),(14,'e6e72381-a454-4394-9b97-f2b4597c9546','2021-05-13 04:00:00','2021-05-13 04:00:00','PAUSE'),(15,'e6e72381-a454-4394-9b97-f2b4597c9546','2021-05-13 04:00:00','2021-05-13 04:00:00','START'),(16,'e6e72381-a454-4394-9b97-f2b4597c9546','2021-05-13 05:59:00','2021-05-13 04:00:00','END'),(17,'e6e72381-a454-4394-9b97-f2b4597c9546','2021-05-14 06:00:00','2021-05-14 06:00:00','PAUSE'),(18,'e6e72381-a454-4394-9b97-f2b4597c9546','2021-05-14 06:00:00','2021-05-14 06:00:00','START'),(19,'e6e72381-a454-4394-9b97-f2b4597c9546','2021-05-14 10:00:00','2021-05-14 06:00:00','END'),(20,'e6e72381-a454-4394-9b97-f2b4597c9546','2021-05-14 11:00:00','2021-05-14 11:00:00','PAUSE'),(21,'e6e72381-a454-4394-9b97-f2b4597c9546','2021-05-14 11:00:00','2021-05-14 11:00:00','START'),(22,'e6e72381-a454-4394-9b97-f2b4597c9546','2021-05-14 12:30:00','2021-05-14 11:00:00','END'),(23,'e6e72381-a454-4394-9b97-f2b4597c9546','2021-05-15 14:00:00','2021-05-15 14:00:00','PAUSE'),(24,'e6e72381-a454-4394-9b97-f2b4597c9546','2021-05-15 14:00:00','2021-05-15 14:00:00','START'),(25,'e6e72381-a454-4394-9b97-f2b4597c9546','2021-05-15 16:05:10','2021-05-15 14:00:00','END'),(26,'1e336c82-ba5c-4f60-887c-7d6b16d6b22c','2021-05-14 02:10:50','2021-05-14 02:10:50','PAUSE'),(27,'1e336c82-ba5c-4f60-887c-7d6b16d6b22c','2021-05-14 02:10:53','2021-05-14 02:10:50','START'),(28,'1e336c82-ba5c-4f60-887c-7d6b16d6b22c','2021-05-14 02:11:12','2021-05-14 02:10:50','PAUSE'),(29,'1e336c82-ba5c-4f60-887c-7d6b16d6b22c','2021-05-14 02:11:19','2021-05-14 02:10:50','END'),(30,'1e336c82-ba5c-4f60-887c-7d6b16d6b22c','2021-05-14 02:14:49','2021-05-14 02:14:49','PAUSE'),(31,'1e336c82-ba5c-4f60-887c-7d6b16d6b22c','2021-05-14 02:14:55','2021-05-14 02:14:49','START'),(32,'1e336c82-ba5c-4f60-887c-7d6b16d6b22c','2021-05-14 02:15:04','2021-05-14 02:14:49','PAUSE'),(33,'1e336c82-ba5c-4f60-887c-7d6b16d6b22c','2021-05-14 02:15:17','2021-05-14 02:14:49','END'),(34,'e6e72381-a454-4394-9b97-f2b4597c9546','2021-04-26 00:30:00','2021-04-26 00:30:00','PAUSE'),(35,'e6e72381-a454-4394-9b97-f2b4597c9546','2021-04-26 00:30:00','2021-04-26 00:30:00','START'),(36,'e6e72381-a454-4394-9b97-f2b4597c9546','2021-04-26 01:00:00','2021-04-26 00:30:00','END'),(37,'e6e72381-a454-4394-9b97-f2b4597c9546','2021-04-26 09:00:00','2021-04-26 09:00:00','PAUSE'),(38,'e6e72381-a454-4394-9b97-f2b4597c9546','2021-04-26 09:00:00','2021-04-26 09:00:00','START'),(39,'e6e72381-a454-4394-9b97-f2b4597c9546','2021-04-26 12:30:00','2021-04-26 09:00:00','END'),(40,'e6e72381-a454-4394-9b97-f2b4597c9546','2021-04-28 03:00:00','2021-04-28 03:00:00','PAUSE'),(41,'e6e72381-a454-4394-9b97-f2b4597c9546','2021-04-28 03:00:00','2021-04-28 03:00:00','START'),(42,'e6e72381-a454-4394-9b97-f2b4597c9546','2021-04-28 08:00:00','2021-04-28 03:00:00','END'),(43,'e6e72381-a454-4394-9b97-f2b4597c9546','2021-04-29 07:30:00','2021-04-29 07:30:00','PAUSE'),(44,'e6e72381-a454-4394-9b97-f2b4597c9546','2021-04-29 07:30:00','2021-04-29 07:30:00','START'),(45,'e6e72381-a454-4394-9b97-f2b4597c9546','2021-04-29 08:00:00','2021-04-29 07:30:00','END'),(46,'e6e72381-a454-4394-9b97-f2b4597c9546','2021-05-06 05:00:00','2021-05-06 05:00:00','PAUSE'),(47,'e6e72381-a454-4394-9b97-f2b4597c9546','2021-05-06 05:00:00','2021-05-06 05:00:00','START'),(48,'e6e72381-a454-4394-9b97-f2b4597c9546','2021-05-06 06:30:00','2021-05-06 05:00:00','PAUSE'),(49,'e6e72381-a454-4394-9b97-f2b4597c9546','2021-05-06 07:00:00','2021-05-06 05:00:00','START'),(50,'e6e72381-a454-4394-9b97-f2b4597c9546','2021-05-06 09:00:00','2021-05-06 05:00:00','END'),(51,'e6e72381-a454-4394-9b97-f2b4597c9546','2021-05-07 05:00:00','2021-05-07 05:00:00','PAUSE'),(52,'e6e72381-a454-4394-9b97-f2b4597c9546','2021-05-07 05:00:00','2021-05-07 05:00:00','START'),(53,'e6e72381-a454-4394-9b97-f2b4597c9546','2021-05-07 06:30:00','2021-05-07 05:00:00','PAUSE'),(54,'e6e72381-a454-4394-9b97-f2b4597c9546','2021-05-07 07:00:00','2021-05-07 05:00:00','START'),(55,'e6e72381-a454-4394-9b97-f2b4597c9546','2021-05-07 09:30:00','2021-05-07 05:00:00','PAUSE'),(56,'e6e72381-a454-4394-9b97-f2b4597c9546','2021-05-07 10:30:00','2021-05-07 05:00:00','START'),(57,'e6e72381-a454-4394-9b97-f2b4597c9546','2021-05-07 11:00:00','2021-05-07 05:00:00','END'),(58,'e6e72381-a454-4394-9b97-f2b4597c9546','2021-05-08 05:00:00','2021-05-08 05:00:00','PAUSE'),(59,'e6e72381-a454-4394-9b97-f2b4597c9546','2021-05-08 05:00:00','2021-05-08 05:00:00','START'),(60,'e6e72381-a454-4394-9b97-f2b4597c9546','2021-05-08 09:00:00','2021-05-08 05:00:00','END'),(61,'e6e72381-a454-4394-9b97-f2b4597c9546','2021-05-09 00:00:00','2021-05-09 00:00:00','PAUSE'),(62,'e6e72381-a454-4394-9b97-f2b4597c9546','2021-05-09 00:00:00','2021-05-09 00:00:00','START'),(63,'e6e72381-a454-4394-9b97-f2b4597c9546','2021-05-09 02:30:00','2021-05-09 00:00:00','PAUSE'),(64,'e6e72381-a454-4394-9b97-f2b4597c9546','2021-05-09 04:00:00','2021-05-09 00:00:00','START'),(65,'e6e72381-a454-4394-9b97-f2b4597c9546','2021-05-09 09:30:00','2021-05-09 00:00:00','PAUSE'),(66,'e6e72381-a454-4394-9b97-f2b4597c9546','2021-05-09 10:30:00','2021-05-09 09:00:00','START'),(67,'e6e72381-a454-4394-9b97-f2b4597c9546','2021-05-09 11:00:00','2021-05-09 09:00:00','END'),(68,'e6e72381-a454-4394-9b97-f2b4597c9546','2021-05-10 06:00:00','2021-05-10 06:00:00','PAUSE'),(69,'e6e72381-a454-4394-9b97-f2b4597c9546','2021-05-10 06:00:00','2021-05-10 06:00:00','START'),(70,'e6e72381-a454-4394-9b97-f2b4597c9546','2021-05-10 07:00:00','2021-05-10 06:00:00','END'),(71,'1e336c82-ba5c-4f60-887c-7d6b16d6b22c','2021-05-14 02:15:26','2021-05-14 02:15:26','PAUSE'),(72,'1e336c82-ba5c-4f60-887c-7d6b16d6b22c','2021-05-14 02:15:29','2021-05-14 02:15:26','START'),(73,'1e336c82-ba5c-4f60-887c-7d6b16d6b22c','2021-05-14 02:15:34','2021-05-14 02:15:26','PAUSE'),(74,'1e336c82-ba5c-4f60-887c-7d6b16d6b22c','2021-05-14 02:15:50','2021-05-14 02:15:26','START'),(75,'1e336c82-ba5c-4f60-887c-7d6b16d6b22c','2021-05-14 02:15:54','2021-05-14 02:15:26','PAUSE'),(76,'1e336c82-ba5c-4f60-887c-7d6b16d6b22c','2021-05-14 02:18:44','2021-05-14 02:15:26','END'),(77,'1e336c82-ba5c-4f60-887c-7d6b16d6b22c','2021-05-14 02:18:54','2021-05-14 02:18:54','PAUSE'),(78,'1e336c82-ba5c-4f60-887c-7d6b16d6b22c','2021-05-14 02:18:56','2021-05-14 02:18:54','START'),(79,'1e336c82-ba5c-4f60-887c-7d6b16d6b22c','2021-05-14 02:20:23','2021-05-14 02:18:54','PAUSE'),(80,'1e336c82-ba5c-4f60-887c-7d6b16d6b22c','2021-05-14 02:28:32','2021-05-14 02:18:54','END'),(81,'1e336c82-ba5c-4f60-887c-7d6b16d6b22c','2021-05-14 02:28:42','2021-05-14 02:28:42','PAUSE'),(82,'1e336c82-ba5c-4f60-887c-7d6b16d6b22c','2021-05-14 02:28:44','2021-05-14 02:28:42','START'),(83,'1e336c82-ba5c-4f60-887c-7d6b16d6b22c','2021-05-14 02:28:50','2021-05-14 02:28:42','PAUSE'),(84,'1e336c82-ba5c-4f60-887c-7d6b16d6b22c','2021-05-14 02:30:13','2021-05-14 02:28:42','END'),(85,'1e336c82-ba5c-4f60-887c-7d6b16d6b22c','2021-05-14 02:47:01','2021-05-14 02:47:01','PAUSE'),(86,'1e336c82-ba5c-4f60-887c-7d6b16d6b22c','2021-05-14 02:47:05','2021-05-14 02:47:01','START'),(87,'1e336c82-ba5c-4f60-887c-7d6b16d6b22c','2021-05-14 02:47:09','2021-05-14 02:47:01','PAUSE'),(88,'1e336c82-ba5c-4f60-887c-7d6b16d6b22c','2021-05-14 02:47:14','2021-05-14 02:47:01','START'),(89,'1e336c82-ba5c-4f60-887c-7d6b16d6b22c','2021-05-14 02:47:17','2021-05-14 02:47:01','PAUSE'),(90,'1e336c82-ba5c-4f60-887c-7d6b16d6b22c','2021-05-14 02:49:34','2021-05-14 02:47:01','END'),(91,'1e336c82-ba5c-4f60-887c-7d6b16d6b22c','2021-05-14 02:49:39','2021-05-14 02:49:39','PAUSE'),(92,'1e336c82-ba5c-4f60-887c-7d6b16d6b22c','2021-05-14 02:49:41','2021-05-14 02:49:39','START'),(93,'1e336c82-ba5c-4f60-887c-7d6b16d6b22c','2021-05-14 02:49:44','2021-05-14 02:49:39','PAUSE'),(94,'1e336c82-ba5c-4f60-887c-7d6b16d6b22c','2021-05-14 02:50:01','2021-05-14 02:49:39','END'),(95,'1e336c82-ba5c-4f60-887c-7d6b16d6b22c','2021-05-14 02:50:04','2021-05-14 02:50:04','PAUSE'),(96,'1e336c82-ba5c-4f60-887c-7d6b16d6b22c','2021-05-14 02:50:07','2021-05-14 02:50:04','START'),(97,'1e336c82-ba5c-4f60-887c-7d6b16d6b22c','2021-05-14 02:50:19','2021-05-14 02:50:04','PAUSE'),(98,'1e336c82-ba5c-4f60-887c-7d6b16d6b22c','2021-05-14 02:52:20','2021-05-14 02:50:04','END'),(99,'1e336c82-ba5c-4f60-887c-7d6b16d6b22c','2021-05-14 02:52:26','2021-05-14 02:52:26','PAUSE'),(100,'1e336c82-ba5c-4f60-887c-7d6b16d6b22c','2021-05-14 02:52:29','2021-05-14 02:52:26','START'),(101,'1e336c82-ba5c-4f60-887c-7d6b16d6b22c','2021-05-14 02:53:08','2021-05-14 02:52:26','PAUSE'),(102,'1e336c82-ba5c-4f60-887c-7d6b16d6b22c','2021-05-14 02:55:02','2021-05-14 02:52:26','END'),(103,'1e336c82-ba5c-4f60-887c-7d6b16d6b22c','2021-05-14 02:55:10','2021-05-14 02:55:10','PAUSE'),(104,'1e336c82-ba5c-4f60-887c-7d6b16d6b22c','2021-05-14 02:55:14','2021-05-14 02:55:10','START'),(105,'1e336c82-ba5c-4f60-887c-7d6b16d6b22c','2021-05-14 02:55:20','2021-05-14 02:55:10','PAUSE'),(106,'1e336c82-ba5c-4f60-887c-7d6b16d6b22c','2021-05-14 02:56:06','2021-05-14 02:55:10','END'),(107,'1e336c82-ba5c-4f60-887c-7d6b16d6b22c','2021-05-14 02:56:13','2021-05-14 02:56:13','PAUSE'),(108,'1e336c82-ba5c-4f60-887c-7d6b16d6b22c','2021-05-14 02:56:16','2021-05-14 02:56:13','START'),(109,'1e336c82-ba5c-4f60-887c-7d6b16d6b22c','2021-05-14 02:56:24','2021-05-14 02:56:13','PAUSE'),(110,'1e336c82-ba5c-4f60-887c-7d6b16d6b22c','2021-05-14 02:58:48','2021-05-14 02:56:13','END'),(111,'1e336c82-ba5c-4f60-887c-7d6b16d6b22c','2021-05-14 02:58:58','2021-05-14 02:58:58','PAUSE'),(112,'1e336c82-ba5c-4f60-887c-7d6b16d6b22c','2021-05-14 02:59:00','2021-05-14 02:58:58','START'),(113,'1e336c82-ba5c-4f60-887c-7d6b16d6b22c','2021-05-14 02:59:06','2021-05-14 02:58:58','PAUSE'),(114,'1e336c82-ba5c-4f60-887c-7d6b16d6b22c','2021-05-14 02:59:10','2021-05-14 02:58:58','START'),(115,'1e336c82-ba5c-4f60-887c-7d6b16d6b22c','2021-05-14 02:59:17','2021-05-14 02:58:58','PAUSE'),(116,'1e336c82-ba5c-4f60-887c-7d6b16d6b22c','2021-05-14 04:10:37','2021-05-14 02:58:58','END'),(117,'0233867f-fb3b-4244-bda6-9dbc6e8ef272','2021-05-14 04:35:02','2021-05-14 04:35:02','PAUSE'),(118,'0233867f-fb3b-4244-bda6-9dbc6e8ef272','2021-05-14 04:35:22','2021-05-14 04:35:02','END'),(119,'1e336c82-ba5c-4f60-887c-7d6b16d6b22c','2021-05-14 04:36:40','2021-05-14 04:36:40','PAUSE'),(120,'1e336c82-ba5c-4f60-887c-7d6b16d6b22c','2021-05-14 04:36:43','2021-05-14 04:36:40','START'),(121,'1e336c82-ba5c-4f60-887c-7d6b16d6b22c','2021-05-14 04:36:52','2021-05-14 04:36:40','PAUSE'),(122,'1e336c82-ba5c-4f60-887c-7d6b16d6b22c','2021-05-14 04:36:55','2021-05-14 04:36:40','START'),(123,'1e336c82-ba5c-4f60-887c-7d6b16d6b22c','2021-05-14 04:37:02','2021-05-14 04:36:40','END'),(124,'1e336c82-ba5c-4f60-887c-7d6b16d6b22c','2021-05-14 04:38:14','2021-05-14 04:38:14','PAUSE'),(125,'1e336c82-ba5c-4f60-887c-7d6b16d6b22c','2021-05-14 04:38:17','2021-05-14 04:38:14','START'),(126,'1e336c82-ba5c-4f60-887c-7d6b16d6b22c','2021-05-14 04:38:20','2021-05-14 04:38:14','PAUSE'),(127,'1e336c82-ba5c-4f60-887c-7d6b16d6b22c','2021-05-14 04:38:26','2021-05-14 04:38:14','START'),(128,'1e336c82-ba5c-4f60-887c-7d6b16d6b22c','2021-05-14 04:38:32','2021-05-14 04:38:14','PAUSE'),(129,'1e336c82-ba5c-4f60-887c-7d6b16d6b22c','2021-05-14 04:38:36','2021-05-14 04:38:14','END'),(130,'1e336c82-ba5c-4f60-887c-7d6b16d6b22c','2021-05-14 04:42:03','2021-05-14 04:42:03','PAUSE'),(131,'1e336c82-ba5c-4f60-887c-7d6b16d6b22c','2021-05-14 04:42:06','2021-05-14 04:42:03','END'),(132,'1e336c82-ba5c-4f60-887c-7d6b16d6b22c','2021-05-14 04:42:08','2021-05-14 04:42:08','PAUSE'),(133,'1e336c82-ba5c-4f60-887c-7d6b16d6b22c','2021-05-14 04:42:11','2021-05-14 04:42:08','START'),(134,'1e336c82-ba5c-4f60-887c-7d6b16d6b22c','2021-05-14 04:42:17','2021-05-14 04:42:08','PAUSE'),(135,'1e336c82-ba5c-4f60-887c-7d6b16d6b22c','2021-05-14 04:42:20','2021-05-14 04:42:08','START'),(136,'1e336c82-ba5c-4f60-887c-7d6b16d6b22c','2021-05-14 04:42:26','2021-05-14 04:42:08','END'),(137,'1e336c82-ba5c-4f60-887c-7d6b16d6b22c','2021-05-14 04:44:23','2021-05-14 04:44:23','PAUSE'),(138,'1e336c82-ba5c-4f60-887c-7d6b16d6b22c','2021-05-14 04:44:26','2021-05-14 04:44:23','START'),(139,'1e336c82-ba5c-4f60-887c-7d6b16d6b22c','2021-05-14 04:44:29','2021-05-14 04:44:23','PAUSE'),(140,'1e336c82-ba5c-4f60-887c-7d6b16d6b22c','2021-05-14 04:44:38','2021-05-14 04:44:23','END'),(141,'1e336c82-ba5c-4f60-887c-7d6b16d6b22c','2021-05-14 04:44:50','2021-05-14 04:44:50','PAUSE'),(142,'1e336c82-ba5c-4f60-887c-7d6b16d6b22c','2021-05-14 04:44:56','2021-05-14 04:44:50','START'),(143,'1e336c82-ba5c-4f60-887c-7d6b16d6b22c','2021-05-14 04:45:01','2021-05-14 04:44:50','PAUSE'),(144,'1e336c82-ba5c-4f60-887c-7d6b16d6b22c','2021-05-14 04:46:24','2021-05-14 04:44:50','START'),(145,'1e336c82-ba5c-4f60-887c-7d6b16d6b22c','2021-05-14 04:46:32','2021-05-14 04:44:50','END'),(146,'1e336c82-ba5c-4f60-887c-7d6b16d6b22c','2021-05-14 04:46:39','2021-05-14 04:46:39','PAUSE'),(147,'1e336c82-ba5c-4f60-887c-7d6b16d6b22c','2021-05-14 04:46:43','2021-05-14 04:46:39','START'),(148,'1e336c82-ba5c-4f60-887c-7d6b16d6b22c','2021-05-14 04:50:53','2021-05-14 04:46:39','PAUSE'),(149,'1e336c82-ba5c-4f60-887c-7d6b16d6b22c','2021-05-14 04:51:12','2021-05-14 04:46:39','START'),(150,'1e336c82-ba5c-4f60-887c-7d6b16d6b22c','2021-05-14 04:51:17','2021-05-14 04:46:39','PAUSE'),(151,'1e336c82-ba5c-4f60-887c-7d6b16d6b22c','2021-05-14 04:51:22','2021-05-14 04:46:39','END'),(152,'1e336c82-ba5c-4f60-887c-7d6b16d6b22c','2021-05-14 04:52:35','2021-05-14 04:52:35','PAUSE'),(153,'1e336c82-ba5c-4f60-887c-7d6b16d6b22c','2021-05-14 04:52:37','2021-05-14 04:52:35','START'),(154,'1e336c82-ba5c-4f60-887c-7d6b16d6b22c','2021-05-14 04:52:42','2021-05-14 04:52:35','PAUSE'),(155,'1e336c82-ba5c-4f60-887c-7d6b16d6b22c','2021-05-14 04:52:58','2021-05-14 04:52:35','END'),(156,'0233867f-fb3b-4244-bda6-9dbc6e8ef272','2021-05-14 04:53:24','2021-05-14 04:53:24','PAUSE'),(157,'0233867f-fb3b-4244-bda6-9dbc6e8ef272','2021-05-14 04:55:55','2021-05-14 04:53:24','END'),(158,'0233867f-fb3b-4244-bda6-9dbc6e8ef272','2021-05-14 04:59:32','2021-05-14 04:59:32','PAUSE'),(159,'0233867f-fb3b-4244-bda6-9dbc6e8ef272','2021-05-14 05:17:45','2021-05-14 04:59:32','END'),(160,'1e336c82-ba5c-4f60-887c-7d6b16d6b22c','2021-05-14 04:53:05','2021-05-14 04:53:05','PAUSE'),(161,'1e336c82-ba5c-4f60-887c-7d6b16d6b22c','2021-05-14 04:53:07','2021-05-14 04:53:05','START'),(162,'1e336c82-ba5c-4f60-887c-7d6b16d6b22c','2021-05-14 04:53:12','2021-05-14 04:53:05','PAUSE'),(163,'1e336c82-ba5c-4f60-887c-7d6b16d6b22c','2021-05-14 04:53:20','2021-05-14 04:53:05','START'),(164,'1e336c82-ba5c-4f60-887c-7d6b16d6b22c','2021-05-14 04:53:31','2021-05-14 04:53:05','PAUSE'),(165,'1e336c82-ba5c-4f60-887c-7d6b16d6b22c','2021-05-14 05:21:56','2021-05-14 04:53:05','END'),(166,'1e336c82-ba5c-4f60-887c-7d6b16d6b22c','2021-05-14 05:29:38','2021-05-14 05:29:38','PAUSE'),(167,'1e336c82-ba5c-4f60-887c-7d6b16d6b22c','2021-05-14 05:29:58','2021-05-14 05:29:38','PAUSE'),(168,'1e336c82-ba5c-4f60-887c-7d6b16d6b22c','2021-05-14 05:30:06','2021-05-14 05:29:38','PAUSE'),(169,'1e336c82-ba5c-4f60-887c-7d6b16d6b22c','2021-05-14 05:30:09','2021-05-14 05:29:38','PAUSE'),(170,'1e336c82-ba5c-4f60-887c-7d6b16d6b22c','2021-05-14 05:30:14','2021-05-14 05:29:38','END'),(171,'1e336c82-ba5c-4f60-887c-7d6b16d6b22c','2021-05-14 05:30:56','2021-05-14 05:30:56','PAUSE'),(172,'1e336c82-ba5c-4f60-887c-7d6b16d6b22c','2021-05-14 05:30:59','2021-05-14 05:30:56','PAUSE'),(173,'1e336c82-ba5c-4f60-887c-7d6b16d6b22c','2021-05-14 05:31:04','2021-05-14 05:30:56','PAUSE'),(174,'1e336c82-ba5c-4f60-887c-7d6b16d6b22c','2021-05-14 05:31:12','2021-05-14 05:30:56','PAUSE'),(175,'1e336c82-ba5c-4f60-887c-7d6b16d6b22c','2021-05-14 05:31:23','2021-05-14 05:30:56','END'),(176,'1e336c82-ba5c-4f60-887c-7d6b16d6b22c','2021-05-14 05:31:33','2021-05-14 05:31:33','PAUSE'),(177,'1e336c82-ba5c-4f60-887c-7d6b16d6b22c','2021-05-14 05:45:47','2021-05-14 05:31:33','PAUSE'),(178,'1e336c82-ba5c-4f60-887c-7d6b16d6b22c','2021-05-14 05:45:52','2021-05-14 05:31:33','END'),(179,'1e336c82-ba5c-4f60-887c-7d6b16d6b22c','2021-05-14 05:46:52','2021-05-14 05:46:52','PAUSE'),(180,'1e336c82-ba5c-4f60-887c-7d6b16d6b22c','2021-05-14 05:46:55','2021-05-14 05:46:52','PAUSE'),(181,'1e336c82-ba5c-4f60-887c-7d6b16d6b22c','2021-05-14 05:47:00','2021-05-14 05:46:52','END'),(182,'1e336c82-ba5c-4f60-887c-7d6b16d6b22c','2021-05-14 05:47:38','2021-05-14 05:47:38','PAUSE'),(183,'1e336c82-ba5c-4f60-887c-7d6b16d6b22c','2021-05-14 05:47:40','2021-05-14 05:47:38','PAUSE'),(184,'1e336c82-ba5c-4f60-887c-7d6b16d6b22c','2021-05-14 05:47:44','2021-05-14 05:47:38','END'),(185,'1e336c82-ba5c-4f60-887c-7d6b16d6b22c','2021-05-14 05:47:52','2021-05-14 05:47:52','PAUSE'),(186,'1e336c82-ba5c-4f60-887c-7d6b16d6b22c','2021-05-14 05:47:54','2021-05-14 05:47:52','PAUSE'),(187,'1e336c82-ba5c-4f60-887c-7d6b16d6b22c','2021-05-14 05:47:58','2021-05-14 05:47:52','PAUSE'),(188,'1e336c82-ba5c-4f60-887c-7d6b16d6b22c','2021-05-14 05:48:02','2021-05-14 05:47:52','PAUSE'),(189,'1e336c82-ba5c-4f60-887c-7d6b16d6b22c','2021-05-14 05:48:04','2021-05-14 05:47:52','PAUSE'),(190,'1e336c82-ba5c-4f60-887c-7d6b16d6b22c','2021-05-14 05:48:08','2021-05-14 05:47:52','END'),(191,'1e336c82-ba5c-4f60-887c-7d6b16d6b22c','2021-05-14 05:48:11','2021-05-14 05:48:11','PAUSE'),(192,'1e336c82-ba5c-4f60-887c-7d6b16d6b22c','2021-05-14 05:48:14','2021-05-14 05:48:11','PAUSE'),(193,'1e336c82-ba5c-4f60-887c-7d6b16d6b22c','2021-05-14 05:48:16','2021-05-14 05:48:11','PAUSE'),(194,'1e336c82-ba5c-4f60-887c-7d6b16d6b22c','2021-05-14 05:48:19','2021-05-14 05:48:11','END'),(195,'1e336c82-ba5c-4f60-887c-7d6b16d6b22c','2021-05-14 05:52:54','2021-05-14 05:52:54','PAUSE'),(196,'1e336c82-ba5c-4f60-887c-7d6b16d6b22c','2021-05-14 05:52:58','2021-05-14 05:52:54','PAUSE'),(197,'1e336c82-ba5c-4f60-887c-7d6b16d6b22c','2021-05-14 05:53:32','2021-05-14 05:52:54','PAUSE'),(198,'1e336c82-ba5c-4f60-887c-7d6b16d6b22c','2021-05-14 05:53:37','2021-05-14 05:52:54','PAUSE'),(199,'1e336c82-ba5c-4f60-887c-7d6b16d6b22c','2021-05-14 05:53:50','2021-05-14 05:52:54','END'),(200,'98d06ea2-3167-46ed-9fbd-6b04d9ccfa28','2021-05-14 05:52:37','2021-05-14 05:52:37','PAUSE'),(201,'98d06ea2-3167-46ed-9fbd-6b04d9ccfa28','2021-05-14 05:52:44','2021-05-14 05:52:37','PAUSE'),(202,'98d06ea2-3167-46ed-9fbd-6b04d9ccfa28','2021-05-14 05:53:19','2021-05-14 05:52:37','PAUSE'),(203,'98d06ea2-3167-46ed-9fbd-6b04d9ccfa28','2021-05-14 05:53:25','2021-05-14 05:52:37','PAUSE'),(204,'98d06ea2-3167-46ed-9fbd-6b04d9ccfa28','2021-05-14 05:54:19','2021-05-14 05:52:37','END'),(205,'0233867f-fb3b-4244-bda6-9dbc6e8ef272','2021-05-14 05:53:34','2021-05-14 05:53:34','PAUSE'),(206,'0233867f-fb3b-4244-bda6-9dbc6e8ef272','2021-05-14 05:53:52','2021-05-14 05:53:34','PAUSE'),(207,'0233867f-fb3b-4244-bda6-9dbc6e8ef272','2021-05-14 05:54:18','2021-05-14 05:53:34','PAUSE'),(208,'0233867f-fb3b-4244-bda6-9dbc6e8ef272','2021-05-14 05:54:23','2021-05-14 05:53:34','END'),(209,'1e336c82-ba5c-4f60-887c-7d6b16d6b22c','2021-05-14 05:57:52','2021-05-14 05:57:52','PAUSE'),(210,'1e336c82-ba5c-4f60-887c-7d6b16d6b22c','2021-05-14 05:57:56','2021-05-14 05:57:52','PAUSE'),(211,'1e336c82-ba5c-4f60-887c-7d6b16d6b22c','2021-05-14 05:57:59','2021-05-14 05:57:52','END'),(212,'1e336c82-ba5c-4f60-887c-7d6b16d6b22c','2021-05-14 05:58:03','2021-05-14 05:58:03','PAUSE'),(213,'1e336c82-ba5c-4f60-887c-7d6b16d6b22c','2021-05-14 05:58:05','2021-05-14 05:58:03','PAUSE'),(214,'1e336c82-ba5c-4f60-887c-7d6b16d6b22c','2021-05-14 05:58:08','2021-05-14 05:58:03','END'),(215,'1e336c82-ba5c-4f60-887c-7d6b16d6b22c','2021-05-14 06:18:28','2021-05-14 06:18:28','PAUSE'),(216,'1e336c82-ba5c-4f60-887c-7d6b16d6b22c','2021-05-14 06:18:32','2021-05-14 06:18:28','PAUSE'),(217,'1e336c82-ba5c-4f60-887c-7d6b16d6b22c','2021-05-14 06:18:35','2021-05-14 06:18:28','END'),(218,'1e336c82-ba5c-4f60-887c-7d6b16d6b22c','2021-05-14 06:19:57','2021-05-14 06:19:57','PAUSE'),(219,'1e336c82-ba5c-4f60-887c-7d6b16d6b22c','2021-05-14 06:19:59','2021-05-14 06:19:57','PAUSE'),(220,'1e336c82-ba5c-4f60-887c-7d6b16d6b22c','2021-05-14 06:20:20','2021-05-14 06:19:57','END'),(221,'1e336c82-ba5c-4f60-887c-7d6b16d6b22c','2021-05-14 06:20:25','2021-05-14 06:20:25','PAUSE'),(222,'1e336c82-ba5c-4f60-887c-7d6b16d6b22c','2021-05-14 06:20:28','2021-05-14 06:20:25','PAUSE'),(223,'1e336c82-ba5c-4f60-887c-7d6b16d6b22c','2021-05-14 06:20:33','2021-05-14 06:20:25','PAUSE'),(224,'1e336c82-ba5c-4f60-887c-7d6b16d6b22c','2021-05-14 06:20:36','2021-05-14 06:20:25','PAUSE'),(225,'1e336c82-ba5c-4f60-887c-7d6b16d6b22c','2021-05-14 06:20:53','2021-05-14 06:20:25','PAUSE'),(226,'1e336c82-ba5c-4f60-887c-7d6b16d6b22c','2021-05-14 06:20:56','2021-05-14 06:20:25','END'),(227,'1e336c82-ba5c-4f60-887c-7d6b16d6b22c','2021-05-14 06:23:47','2021-05-14 06:23:47','PAUSE'),(228,'1e336c82-ba5c-4f60-887c-7d6b16d6b22c','2021-05-14 06:23:49','2021-05-14 06:23:47','PAUSE'),(229,'1e336c82-ba5c-4f60-887c-7d6b16d6b22c','2021-05-14 06:23:52','2021-05-14 06:23:47','PAUSE'),(230,'1e336c82-ba5c-4f60-887c-7d6b16d6b22c','2021-05-14 06:23:56','2021-05-14 06:23:47','PAUSE'),(231,'1e336c82-ba5c-4f60-887c-7d6b16d6b22c','2021-05-14 06:23:59','2021-05-14 06:23:47','PAUSE'),(232,'1e336c82-ba5c-4f60-887c-7d6b16d6b22c','2021-05-14 06:24:06','2021-05-14 06:23:47','END'),(233,'1e336c82-ba5c-4f60-887c-7d6b16d6b22c','2021-05-14 06:24:08','2021-05-14 06:24:08','PAUSE'),(234,'1e336c82-ba5c-4f60-887c-7d6b16d6b22c','2021-05-14 06:24:11','2021-05-14 06:24:08','PAUSE'),(235,'1e336c82-ba5c-4f60-887c-7d6b16d6b22c','2021-05-14 06:24:24','2021-05-14 06:24:08','END'),(236,'0233867f-fb3b-4244-bda6-9dbc6e8ef272','2021-05-14 06:24:46','2021-05-14 06:24:46','PAUSE'),(237,'0233867f-fb3b-4244-bda6-9dbc6e8ef272','2021-05-14 06:36:53','2021-05-14 06:24:46','PAUSE'),(238,'0233867f-fb3b-4244-bda6-9dbc6e8ef272','2021-05-14 06:50:24','2021-05-14 06:24:46','END'),(239,'1e336c82-ba5c-4f60-887c-7d6b16d6b22c','2021-05-14 06:51:23','2021-05-14 06:51:23','PAUSE'),(240,'1e336c82-ba5c-4f60-887c-7d6b16d6b22c','2021-05-14 06:51:26','2021-05-14 06:51:23','PAUSE'),(241,'1e336c82-ba5c-4f60-887c-7d6b16d6b22c','2021-05-14 06:51:32','2021-05-14 06:51:23','PAUSE'),(242,'1e336c82-ba5c-4f60-887c-7d6b16d6b22c','2021-05-14 06:51:44','2021-05-14 06:51:23','PAUSE'),(243,'1e336c82-ba5c-4f60-887c-7d6b16d6b22c','2021-05-14 06:51:49','2021-05-14 06:51:23','PAUSE'),(244,'1e336c82-ba5c-4f60-887c-7d6b16d6b22c','2021-05-14 06:53:38','2021-05-14 06:51:23','END'),(245,'0233867f-fb3b-4244-bda6-9dbc6e8ef272','2021-05-14 06:58:53','2021-05-14 06:58:53','PAUSE'),(246,'0233867f-fb3b-4244-bda6-9dbc6e8ef272','2021-05-14 06:59:00','2021-05-14 06:58:53','START'),(247,'0233867f-fb3b-4244-bda6-9dbc6e8ef272','2021-05-14 06:59:23','2021-05-14 06:58:53','PAUSE'),(248,'0233867f-fb3b-4244-bda6-9dbc6e8ef272','2021-05-14 06:59:31','2021-05-14 06:58:53','START'),(249,'0233867f-fb3b-4244-bda6-9dbc6e8ef272','2021-05-14 07:00:01','2021-05-14 06:58:53','END'),(250,'0233867f-fb3b-4244-bda6-9dbc6e8ef272','2021-05-14 07:00:21','2021-05-14 07:00:21','PAUSE'),(251,'0233867f-fb3b-4244-bda6-9dbc6e8ef272','2021-05-14 07:00:26','2021-05-14 07:00:21','START'),(252,'0233867f-fb3b-4244-bda6-9dbc6e8ef272','2021-05-14 07:00:38','2021-05-14 07:00:21','END'),(253,'1e336c82-ba5c-4f60-887c-7d6b16d6b22c','2021-05-14 07:02:44','2021-05-14 07:02:44','PAUSE'),(254,'1e336c82-ba5c-4f60-887c-7d6b16d6b22c','2021-05-14 07:02:47','2021-05-14 07:02:44','START'),(255,'1e336c82-ba5c-4f60-887c-7d6b16d6b22c','2021-05-14 07:03:01','2021-05-14 07:02:44','END'),(256,'1e336c82-ba5c-4f60-887c-7d6b16d6b22c','2021-05-14 07:26:02','2021-05-14 07:26:02','PAUSE'),(257,'1e336c82-ba5c-4f60-887c-7d6b16d6b22c','2021-05-14 07:26:04','2021-05-14 07:26:02','START'),(258,'1e336c82-ba5c-4f60-887c-7d6b16d6b22c','2021-05-14 07:26:14','2021-05-14 07:26:02','END'),(259,'1e336c82-ba5c-4f60-887c-7d6b16d6b22c','2021-05-14 07:27:18','2021-05-14 07:27:18','PAUSE'),(260,'1e336c82-ba5c-4f60-887c-7d6b16d6b22c','2021-05-14 07:27:20','2021-05-14 07:27:18','START'),(261,'1e336c82-ba5c-4f60-887c-7d6b16d6b22c','2021-05-14 07:28:22','2021-05-14 07:27:18','END'),(262,'1e336c82-ba5c-4f60-887c-7d6b16d6b22c','2021-05-14 07:28:28','2021-05-14 07:28:28','PAUSE'),(263,'1e336c82-ba5c-4f60-887c-7d6b16d6b22c','2021-05-14 07:28:29','2021-05-14 07:28:28','START'),(264,'1e336c82-ba5c-4f60-887c-7d6b16d6b22c','2021-05-14 07:28:31','2021-05-14 07:28:28','END'),(265,'1e336c82-ba5c-4f60-887c-7d6b16d6b22c','2021-05-14 07:29:04','2021-05-14 07:29:04','PAUSE'),(266,'1e336c82-ba5c-4f60-887c-7d6b16d6b22c','2021-05-14 07:29:05','2021-05-14 07:29:04','START'),(267,'1e336c82-ba5c-4f60-887c-7d6b16d6b22c','2021-05-14 07:29:09','2021-05-14 07:29:04','PAUSE'),(268,'1e336c82-ba5c-4f60-887c-7d6b16d6b22c','2021-05-14 07:29:17','2021-05-14 07:29:04','START'),(269,'1e336c82-ba5c-4f60-887c-7d6b16d6b22c','2021-05-14 07:29:21','2021-05-14 07:29:04','END'),(270,'1e336c82-ba5c-4f60-887c-7d6b16d6b22c','2021-05-14 07:30:21','2021-05-14 07:30:21','PAUSE'),(271,'1e336c82-ba5c-4f60-887c-7d6b16d6b22c','2021-05-14 07:30:23','2021-05-14 07:30:21','START'),(272,'1e336c82-ba5c-4f60-887c-7d6b16d6b22c','2021-05-14 07:30:26','2021-05-14 07:30:21','END'),(273,'1e336c82-ba5c-4f60-887c-7d6b16d6b22c','2021-05-14 07:32:28','2021-05-14 07:32:28','PAUSE'),(274,'1e336c82-ba5c-4f60-887c-7d6b16d6b22c','2021-05-14 07:32:36','2021-05-14 07:32:28','END'),(275,'1e336c82-ba5c-4f60-887c-7d6b16d6b22c','2021-05-14 07:32:39','2021-05-14 07:32:39','PAUSE'),(276,'1e336c82-ba5c-4f60-887c-7d6b16d6b22c','2021-05-14 07:32:42','2021-05-14 07:32:39','START'),(277,'1e336c82-ba5c-4f60-887c-7d6b16d6b22c','2021-05-14 07:32:51','2021-05-14 07:32:39','END'),(278,'1e336c82-ba5c-4f60-887c-7d6b16d6b22c','2021-05-14 07:32:58','2021-05-14 07:32:58','PAUSE'),(279,'1e336c82-ba5c-4f60-887c-7d6b16d6b22c','2021-05-14 07:33:00','2021-05-14 07:32:58','START'),(280,'1e336c82-ba5c-4f60-887c-7d6b16d6b22c','2021-05-14 07:33:08','2021-05-14 07:32:58','END'),(281,'1e336c82-ba5c-4f60-887c-7d6b16d6b22c','2021-05-14 07:33:58','2021-05-14 07:33:58','PAUSE'),(282,'1e336c82-ba5c-4f60-887c-7d6b16d6b22c','2021-05-14 07:34:00','2021-05-14 07:33:58','START'),(283,'1e336c82-ba5c-4f60-887c-7d6b16d6b22c','2021-05-14 07:34:03','2021-05-14 07:33:58','END'),(284,'1e336c82-ba5c-4f60-887c-7d6b16d6b22c','2021-05-14 09:17:08','2021-05-14 09:17:08','PAUSE'),(285,'1e336c82-ba5c-4f60-887c-7d6b16d6b22c','2021-05-14 09:17:11','2021-05-14 09:17:08','START'),(286,'1e336c82-ba5c-4f60-887c-7d6b16d6b22c','2021-05-14 09:17:17','2021-05-14 09:17:08','END'),(287,'1e336c82-ba5c-4f60-887c-7d6b16d6b22c','2021-05-14 09:17:22','2021-05-14 09:17:22','PAUSE'),(288,'1e336c82-ba5c-4f60-887c-7d6b16d6b22c','2021-05-14 09:17:25','2021-05-14 09:17:22','START'),(289,'1e336c82-ba5c-4f60-887c-7d6b16d6b22c','2021-05-14 09:17:29','2021-05-14 09:17:22','PAUSE'),(290,'1e336c82-ba5c-4f60-887c-7d6b16d6b22c','2021-05-14 09:17:39','2021-05-14 09:17:22','END'),(291,'98d06ea2-3167-46ed-9fbd-6b04d9ccfa28','2021-05-14 09:24:44','2021-05-14 09:24:44','PAUSE'),(292,'98d06ea2-3167-46ed-9fbd-6b04d9ccfa28','2021-05-14 09:24:51','2021-05-14 09:24:44','START'),(293,'98d06ea2-3167-46ed-9fbd-6b04d9ccfa28','2021-05-14 09:25:12','2021-05-14 09:24:44','PAUSE'),(294,'98d06ea2-3167-46ed-9fbd-6b04d9ccfa28','2021-05-14 09:25:16','2021-05-14 09:24:44','END'),(295,'98d06ea2-3167-46ed-9fbd-6b04d9ccfa28','2021-05-14 09:25:19','2021-05-14 09:25:19','PAUSE'),(296,'98d06ea2-3167-46ed-9fbd-6b04d9ccfa28','2021-05-14 09:25:25','2021-05-14 09:25:19','END'),(297,'0233867f-fb3b-4244-bda6-9dbc6e8ef272','2021-05-14 09:24:40','2021-05-14 09:24:40','PAUSE'),(298,'0233867f-fb3b-4244-bda6-9dbc6e8ef272','2021-05-14 09:24:51','2021-05-14 09:24:40','START'),(299,'0233867f-fb3b-4244-bda6-9dbc6e8ef272','2021-05-14 09:25:35','2021-05-14 09:24:40','PAUSE'),(300,'0233867f-fb3b-4244-bda6-9dbc6e8ef272','2021-05-14 09:25:40','2021-05-14 09:24:40','END'),(301,'1e336c82-ba5c-4f60-887c-7d6b16d6b22c','2021-05-14 09:25:02','2021-05-14 09:25:02','PAUSE'),(302,'1e336c82-ba5c-4f60-887c-7d6b16d6b22c','2021-05-14 09:25:16','2021-05-14 09:25:02','START'),(303,'1e336c82-ba5c-4f60-887c-7d6b16d6b22c','2021-05-14 09:25:41','2021-05-14 09:25:02','PAUSE'),(304,'1e336c82-ba5c-4f60-887c-7d6b16d6b22c','2021-05-14 09:25:45','2021-05-14 09:25:02','START'),(305,'1e336c82-ba5c-4f60-887c-7d6b16d6b22c','2021-05-14 09:25:51','2021-05-14 09:25:02','END'),(306,'98d06ea2-3167-46ed-9fbd-6b04d9ccfa28','2021-05-14 09:25:31','2021-05-14 09:25:31','PAUSE'),(307,'98d06ea2-3167-46ed-9fbd-6b04d9ccfa28','2021-05-14 09:25:35','2021-05-14 09:25:31','START'),(308,'98d06ea2-3167-46ed-9fbd-6b04d9ccfa28','2021-05-14 09:26:00','2021-05-14 09:25:31','END'),(309,'0233867f-fb3b-4244-bda6-9dbc6e8ef272','2021-05-14 09:25:42','2021-05-14 09:25:42','PAUSE'),(310,'0233867f-fb3b-4244-bda6-9dbc6e8ef272','2021-05-14 09:25:46','2021-05-14 09:25:42','START'),(311,'0233867f-fb3b-4244-bda6-9dbc6e8ef272','2021-05-14 09:26:01','2021-05-14 09:25:42','END'),(312,'1e336c82-ba5c-4f60-887c-7d6b16d6b22c','2021-05-14 09:26:11','2021-05-14 09:26:11','PAUSE'),(313,'1e336c82-ba5c-4f60-887c-7d6b16d6b22c','2021-05-14 09:26:20','2021-05-14 09:26:11','START'),(314,'1e336c82-ba5c-4f60-887c-7d6b16d6b22c','2021-05-14 09:26:38','2021-05-14 09:26:11','PAUSE'),(315,'1e336c82-ba5c-4f60-887c-7d6b16d6b22c','2021-05-14 09:26:52','2021-05-14 09:26:11','START'),(316,'1e336c82-ba5c-4f60-887c-7d6b16d6b22c','2021-05-14 09:27:27','2021-05-14 09:26:11','END'),(317,'1e336c82-ba5c-4f60-887c-7d6b16d6b22c','2021-05-14 09:27:44','2021-05-14 09:27:44','PAUSE'),(318,'1e336c82-ba5c-4f60-887c-7d6b16d6b22c','2021-05-14 09:29:39','2021-05-14 09:27:44','END'),(319,'0233867f-fb3b-4244-bda6-9dbc6e8ef272','2021-05-14 09:26:06','2021-05-14 09:26:06','PAUSE'),(320,'0233867f-fb3b-4244-bda6-9dbc6e8ef272','2021-05-14 09:26:09','2021-05-14 09:26:06','START'),(321,'0233867f-fb3b-4244-bda6-9dbc6e8ef272','2021-05-14 09:30:43','2021-05-14 09:26:06','END'),(322,'1e336c82-ba5c-4f60-887c-7d6b16d6b22c','2021-05-14 09:30:53','2021-05-14 09:30:53','PAUSE'),(323,'1e336c82-ba5c-4f60-887c-7d6b16d6b22c','2021-05-14 09:30:55','2021-05-14 09:30:53','START'),(324,'1e336c82-ba5c-4f60-887c-7d6b16d6b22c','2021-05-14 09:32:05','2021-05-14 09:30:53','PAUSE'),(325,'1e336c82-ba5c-4f60-887c-7d6b16d6b22c','2021-05-14 09:32:13','2021-05-14 09:30:53','START'),(326,'1e336c82-ba5c-4f60-887c-7d6b16d6b22c','2021-05-14 09:32:42','2021-05-14 09:30:53','END'),(327,'98d06ea2-3167-46ed-9fbd-6b04d9ccfa28','2021-05-14 09:26:15','2021-05-14 09:26:15','PAUSE'),(328,'98d06ea2-3167-46ed-9fbd-6b04d9ccfa28','2021-05-14 09:26:56','2021-05-14 09:26:15','START'),(329,'98d06ea2-3167-46ed-9fbd-6b04d9ccfa28','2021-05-14 09:30:12','2021-05-14 09:26:15','PAUSE'),(330,'98d06ea2-3167-46ed-9fbd-6b04d9ccfa28','2021-05-14 09:30:15','2021-05-14 09:26:15','START'),(331,'98d06ea2-3167-46ed-9fbd-6b04d9ccfa28','2021-05-14 09:31:27','2021-05-14 09:26:15','PAUSE'),(332,'98d06ea2-3167-46ed-9fbd-6b04d9ccfa28','2021-05-14 09:31:31','2021-05-14 09:26:15','START'),(333,'98d06ea2-3167-46ed-9fbd-6b04d9ccfa28','2021-05-14 09:33:47','2021-05-14 09:26:15','END'),(334,'0233867f-fb3b-4244-bda6-9dbc6e8ef272','2021-05-14 09:30:55','2021-05-14 09:30:55','PAUSE'),(335,'0233867f-fb3b-4244-bda6-9dbc6e8ef272','2021-05-14 09:45:03','2021-05-14 09:30:55','END'),(336,'98d06ea2-3167-46ed-9fbd-6b04d9ccfa28','2021-05-14 15:14:32','2021-05-14 15:14:32','PAUSE'),(337,'98d06ea2-3167-46ed-9fbd-6b04d9ccfa28','2021-05-14 16:49:29','2021-05-14 15:14:32','END'),(338,'98d06ea2-3167-46ed-9fbd-6b04d9ccfa28','2021-05-14 16:49:38','2021-05-14 16:49:38','PAUSE'),(339,'98d06ea2-3167-46ed-9fbd-6b04d9ccfa28','2021-05-14 17:23:24','2021-05-14 16:49:38','END'),(340,'98d06ea2-3167-46ed-9fbd-6b04d9ccfa28','2021-05-14 17:28:43','2021-05-14 17:28:43','PAUSE'),(341,'98d06ea2-3167-46ed-9fbd-6b04d9ccfa28','2021-05-14 17:54:32','2021-05-14 17:28:43','END'),(342,'1e336c82-ba5c-4f60-887c-7d6b16d6b22c','2021-05-15 02:59:44','2021-05-15 02:59:44','PAUSE'),(343,'1e336c82-ba5c-4f60-887c-7d6b16d6b22c','2021-05-15 03:00:07','2021-05-15 02:59:44','END'),(344,'6c05c3ca-b270-456f-baa0-1c1df77c2232','2021-05-15 06:18:06','2021-05-15 06:18:06','PAUSE'),(345,'6c05c3ca-b270-456f-baa0-1c1df77c2232','2021-05-15 06:19:25','2021-05-15 06:18:06','END'),(346,'ee8c93c0-36bf-44be-b7f2-3ebedcc38c65','2021-05-15 06:36:19','2021-05-15 06:36:19','PAUSE'),(347,'ee8c93c0-36bf-44be-b7f2-3ebedcc38c65','2021-05-15 06:38:30','2021-05-15 06:36:19','END'),(348,'ee8c93c0-36bf-44be-b7f2-3ebedcc38c65','2021-05-15 06:38:33','2021-05-15 06:38:33','PAUSE'),(349,'ee8c93c0-36bf-44be-b7f2-3ebedcc38c65','2021-05-15 06:38:45','2021-05-15 06:38:33','END'),(350,'ee8c93c0-36bf-44be-b7f2-3ebedcc38c65','2021-05-15 06:42:18','2021-05-15 06:42:18','PAUSE'),(351,'ee8c93c0-36bf-44be-b7f2-3ebedcc38c65','2021-05-15 06:42:42','2021-05-15 06:42:18','END'),(352,'ee8c93c0-36bf-44be-b7f2-3ebedcc38c65','2021-05-15 06:58:30','2021-05-15 06:58:30','PAUSE'),(353,'ee8c93c0-36bf-44be-b7f2-3ebedcc38c65','2021-05-15 07:18:47','2021-05-15 06:58:30','END'),(354,'ee8c93c0-36bf-44be-b7f2-3ebedcc38c65','2021-05-15 08:03:16','2021-05-15 08:03:16','PAUSE'),(355,'ee8c93c0-36bf-44be-b7f2-3ebedcc38c65','2021-05-15 08:09:48','2021-05-15 08:03:16','END'),(356,'98d06ea2-3167-46ed-9fbd-6b04d9ccfa28','2021-05-15 09:28:26','2021-05-15 09:28:26','PAUSE'),(357,'98d06ea2-3167-46ed-9fbd-6b04d9ccfa28','2021-05-15 11:04:52','2021-05-15 09:28:26','END'),(358,'6c05c3ca-b270-456f-baa0-1c1df77c2232','2021-05-15 11:46:37','2021-05-15 11:46:37','PAUSE'),(359,'6c05c3ca-b270-456f-baa0-1c1df77c2232','2021-05-15 11:47:00','2021-05-15 11:46:37','END'),(360,'1e336c82-ba5c-4f60-887c-7d6b16d6b22c','2021-05-15 09:13:47','2021-05-15 09:13:47','PAUSE'),(361,'1e336c82-ba5c-4f60-887c-7d6b16d6b22c','2021-05-15 12:45:05','2021-05-15 09:13:47','END'),(362,'98d06ea2-3167-46ed-9fbd-6b04d9ccfa28','2021-05-15 12:56:26','2021-05-15 12:56:26','PAUSE'),(363,'98d06ea2-3167-46ed-9fbd-6b04d9ccfa28','2021-05-15 14:39:53','2021-05-15 12:56:26','END'),(364,'1e336c82-ba5c-4f60-887c-7d6b16d6b22c','2021-05-17 00:34:13','2021-05-17 00:34:13','PAUSE'),(365,'1e336c82-ba5c-4f60-887c-7d6b16d6b22c','2021-05-17 00:34:18','2021-05-17 00:34:13','START'),(366,'1e336c82-ba5c-4f60-887c-7d6b16d6b22c','2021-05-17 00:34:26','2021-05-17 00:34:13','PAUSE'),(367,'1e336c82-ba5c-4f60-887c-7d6b16d6b22c','2021-05-17 00:49:51','2021-05-17 00:34:13','END'),(368,'1e336c82-ba5c-4f60-887c-7d6b16d6b22c','2021-05-17 00:54:48','2021-05-17 00:54:48','PAUSE'),(369,'1e336c82-ba5c-4f60-887c-7d6b16d6b22c','2021-05-17 00:54:52','2021-05-17 00:54:48','START'),(370,'1e336c82-ba5c-4f60-887c-7d6b16d6b22c','2021-05-17 00:54:56','2021-05-17 00:54:48','PAUSE'),(371,'1e336c82-ba5c-4f60-887c-7d6b16d6b22c','2021-05-17 01:05:37','2021-05-17 00:54:48','END'),(372,'1e336c82-ba5c-4f60-887c-7d6b16d6b22c','2021-05-17 01:06:12','2021-05-17 01:06:12','PAUSE'),(373,'1e336c82-ba5c-4f60-887c-7d6b16d6b22c','2021-05-17 01:06:58','2021-05-17 01:06:12','END'),(374,'1e336c82-ba5c-4f60-887c-7d6b16d6b22c','2021-05-17 01:07:02','2021-05-17 01:07:02','PAUSE'),(375,'1e336c82-ba5c-4f60-887c-7d6b16d6b22c','2021-05-17 01:07:14','2021-05-17 01:07:02','START'),(376,'1e336c82-ba5c-4f60-887c-7d6b16d6b22c','2021-05-17 01:07:27','2021-05-17 01:07:02','PAUSE'),(377,'1e336c82-ba5c-4f60-887c-7d6b16d6b22c','2021-05-17 01:08:17','2021-05-17 01:07:02','START'),(378,'1e336c82-ba5c-4f60-887c-7d6b16d6b22c','2021-05-17 01:08:24','2021-05-17 01:07:02','PAUSE'),(379,'1e336c82-ba5c-4f60-887c-7d6b16d6b22c','2021-05-17 01:14:14','2021-05-17 01:07:02','START'),(380,'1e336c82-ba5c-4f60-887c-7d6b16d6b22c','2021-05-17 01:18:26','2021-05-17 01:07:02','END'),(381,'1e336c82-ba5c-4f60-887c-7d6b16d6b22c','2021-05-17 01:18:34','2021-05-17 01:18:34','PAUSE'),(382,'1e336c82-ba5c-4f60-887c-7d6b16d6b22c','2021-05-17 01:18:37','2021-05-17 01:18:34','END'),(383,'1e336c82-ba5c-4f60-887c-7d6b16d6b22c','2021-05-17 01:18:49','2021-05-17 01:18:49','PAUSE'),(384,'1e336c82-ba5c-4f60-887c-7d6b16d6b22c','2021-05-17 01:18:52','2021-05-17 01:18:49','START'),(385,'1e336c82-ba5c-4f60-887c-7d6b16d6b22c','2021-05-17 01:19:05','2021-05-17 01:18:49','END'),(386,'1e336c82-ba5c-4f60-887c-7d6b16d6b22c','2021-05-17 01:19:14','2021-05-17 01:19:14','PAUSE'),(387,'1e336c82-ba5c-4f60-887c-7d6b16d6b22c','2021-05-17 01:19:18','2021-05-17 01:19:14','START'),(388,'1e336c82-ba5c-4f60-887c-7d6b16d6b22c','2021-05-17 01:19:14','2021-05-17 01:19:14','PAUSE'),(389,'1e336c82-ba5c-4f60-887c-7d6b16d6b22c','2021-05-17 01:25:35','2021-05-17 01:19:14','END'),(390,'1e336c82-ba5c-4f60-887c-7d6b16d6b22c','2021-05-17 01:19:18','2021-05-17 01:19:14','START'),(391,'1e336c82-ba5c-4f60-887c-7d6b16d6b22c','2021-05-17 01:19:14','2021-05-17 01:19:14','PAUSE'),(392,'1e336c82-ba5c-4f60-887c-7d6b16d6b22c','2021-05-17 01:19:14','2021-05-17 01:19:14','PAUSE'),(393,'1e336c82-ba5c-4f60-887c-7d6b16d6b22c','2021-05-17 01:19:14','2021-05-17 01:19:14','PAUSE'),(394,'1e336c82-ba5c-4f60-887c-7d6b16d6b22c','2021-05-17 01:19:18','2021-05-17 01:19:14','START'),(395,'1e336c82-ba5c-4f60-887c-7d6b16d6b22c','2021-05-17 01:25:35','2021-05-17 01:19:14','END'),(396,'1e336c82-ba5c-4f60-887c-7d6b16d6b22c','2021-05-17 01:19:18','2021-05-17 01:19:14','START'),(397,'1e336c82-ba5c-4f60-887c-7d6b16d6b22c','2021-05-17 01:19:18','2021-05-17 01:19:14','START'),(398,'1e336c82-ba5c-4f60-887c-7d6b16d6b22c','2021-05-17 01:25:35','2021-05-17 01:19:14','END'),(399,'1e336c82-ba5c-4f60-887c-7d6b16d6b22c','2021-05-17 01:25:35','2021-05-17 01:19:14','END'),(400,'1e336c82-ba5c-4f60-887c-7d6b16d6b22c','2021-05-17 01:25:35','2021-05-17 01:19:14','END'),(401,'1e336c82-ba5c-4f60-887c-7d6b16d6b22c','2021-05-17 01:25:43','2021-05-17 01:25:43','PAUSE'),(402,'1e336c82-ba5c-4f60-887c-7d6b16d6b22c','2021-05-17 01:25:47','2021-05-17 01:25:43','START'),(403,'1e336c82-ba5c-4f60-887c-7d6b16d6b22c','2021-05-17 01:26:46','2021-05-17 01:25:43','END'),(404,'1e336c82-ba5c-4f60-887c-7d6b16d6b22c','2021-05-17 01:26:55','2021-05-17 01:26:55','PAUSE'),(405,'1e336c82-ba5c-4f60-887c-7d6b16d6b22c','2021-05-17 01:26:58','2021-05-17 01:26:55','START'),(406,'1e336c82-ba5c-4f60-887c-7d6b16d6b22c','2021-05-17 01:28:09','2021-05-17 01:26:55','END'),(407,'1e336c82-ba5c-4f60-887c-7d6b16d6b22c','2021-05-17 01:31:49','2021-05-17 01:31:49','PAUSE'),(408,'1e336c82-ba5c-4f60-887c-7d6b16d6b22c','2021-05-17 01:31:52','2021-05-17 01:31:49','START'),(409,'1e336c82-ba5c-4f60-887c-7d6b16d6b22c','2021-05-17 01:32:42','2021-05-17 01:31:49','END'),(410,'1e336c82-ba5c-4f60-887c-7d6b16d6b22c','2021-05-17 01:32:45','2021-05-17 01:32:45','PAUSE'),(411,'1e336c82-ba5c-4f60-887c-7d6b16d6b22c','2021-05-17 01:32:48','2021-05-17 01:32:45','START'),(412,'1e336c82-ba5c-4f60-887c-7d6b16d6b22c','2021-05-17 01:33:28','2021-05-17 01:32:45','END'),(413,'1e336c82-ba5c-4f60-887c-7d6b16d6b22c','2021-05-17 01:33:31','2021-05-17 01:33:31','PAUSE'),(414,'1e336c82-ba5c-4f60-887c-7d6b16d6b22c','2021-05-17 01:35:01','2021-05-17 01:33:31','START'),(415,'1e336c82-ba5c-4f60-887c-7d6b16d6b22c','2021-05-17 01:35:05','2021-05-17 01:33:31','END'),(416,'1e336c82-ba5c-4f60-887c-7d6b16d6b22c','2021-05-17 01:35:10','2021-05-17 01:35:10','PAUSE'),(417,'1e336c82-ba5c-4f60-887c-7d6b16d6b22c','2021-05-17 01:35:16','2021-05-17 01:35:10','START'),(418,'1e336c82-ba5c-4f60-887c-7d6b16d6b22c','2021-05-17 01:35:19','2021-05-17 01:35:10','PAUSE'),(419,'1e336c82-ba5c-4f60-887c-7d6b16d6b22c','2021-05-17 01:35:22','2021-05-17 01:35:10','START'),(420,'1e336c82-ba5c-4f60-887c-7d6b16d6b22c','2021-05-17 01:35:28','2021-05-17 01:35:10','END'),(421,'1e336c82-ba5c-4f60-887c-7d6b16d6b22c','2021-05-17 01:35:32','2021-05-17 01:35:32','PAUSE'),(422,'1e336c82-ba5c-4f60-887c-7d6b16d6b22c','2021-05-17 01:35:35','2021-05-17 01:35:32','START'),(423,'1e336c82-ba5c-4f60-887c-7d6b16d6b22c','2021-05-17 01:35:37','2021-05-17 01:35:32','END'),(424,'1e336c82-ba5c-4f60-887c-7d6b16d6b22c','2021-05-17 01:35:42','2021-05-17 01:35:42','PAUSE'),(425,'1e336c82-ba5c-4f60-887c-7d6b16d6b22c','2021-05-17 01:35:45','2021-05-17 01:35:42','START'),(426,'1e336c82-ba5c-4f60-887c-7d6b16d6b22c','2021-05-17 01:36:11','2021-05-17 01:35:42','PAUSE'),(427,'1e336c82-ba5c-4f60-887c-7d6b16d6b22c','2021-05-17 01:37:31','2021-05-17 01:35:42','START'),(428,'1e336c82-ba5c-4f60-887c-7d6b16d6b22c','2021-05-17 01:39:16','2021-05-17 01:35:42','END'),(429,'0233867f-fb3b-4244-bda6-9dbc6e8ef272','2021-05-17 01:14:06','2021-05-17 01:14:06','PAUSE'),(430,'0233867f-fb3b-4244-bda6-9dbc6e8ef272','2021-05-17 01:43:14','2021-05-17 01:14:06','END'),(431,'1e336c82-ba5c-4f60-887c-7d6b16d6b22c','2021-05-17 01:45:49','2021-05-17 01:45:49','PAUSE'),(432,'1e336c82-ba5c-4f60-887c-7d6b16d6b22c','2021-05-17 01:48:26','2021-05-17 01:45:49','END'),(433,'1e336c82-ba5c-4f60-887c-7d6b16d6b22c','2021-05-17 01:48:33','2021-05-17 01:48:33','PAUSE'),(434,'1e336c82-ba5c-4f60-887c-7d6b16d6b22c','2021-05-17 01:49:06','2021-05-17 01:48:33','END'),(435,'1e336c82-ba5c-4f60-887c-7d6b16d6b22c','2021-05-17 01:49:11','2021-05-17 01:49:11','PAUSE'),(436,'1e336c82-ba5c-4f60-887c-7d6b16d6b22c','2021-05-17 01:51:14','2021-05-17 01:49:11','END'),(437,'1e336c82-ba5c-4f60-887c-7d6b16d6b22c','2021-05-17 01:51:23','2021-05-17 01:51:23','PAUSE'),(438,'1e336c82-ba5c-4f60-887c-7d6b16d6b22c','2021-05-17 01:52:09','2021-05-17 01:51:23','END'),(439,'1e336c82-ba5c-4f60-887c-7d6b16d6b22c','2021-05-17 01:52:18','2021-05-17 01:52:18','PAUSE'),(440,'1e336c82-ba5c-4f60-887c-7d6b16d6b22c','2021-05-17 01:52:23','2021-05-17 01:52:18','END'),(441,'1e336c82-ba5c-4f60-887c-7d6b16d6b22c','2021-05-17 01:52:41','2021-05-17 01:52:41','PAUSE'),(442,'1e336c82-ba5c-4f60-887c-7d6b16d6b22c','2021-05-17 01:52:47','2021-05-17 01:52:41','END'),(443,'1e336c82-ba5c-4f60-887c-7d6b16d6b22c','2021-05-17 02:07:34','2021-05-17 02:07:34','PAUSE'),(444,'1e336c82-ba5c-4f60-887c-7d6b16d6b22c','2021-05-17 02:12:15','2021-05-17 02:07:34','END'),(445,'0233867f-fb3b-4244-bda6-9dbc6e8ef272','2021-05-17 01:44:40','2021-05-17 01:44:40','PAUSE'),(446,'0233867f-fb3b-4244-bda6-9dbc6e8ef272','2021-05-17 01:44:44','2021-05-17 01:44:40','START'),(447,'0233867f-fb3b-4244-bda6-9dbc6e8ef272','2021-05-17 02:23:01','2021-05-17 01:44:40','END'),(448,'1e336c82-ba5c-4f60-887c-7d6b16d6b22c','2021-05-17 02:30:34','2021-05-17 02:30:34','PAUSE'),(449,'1e336c82-ba5c-4f60-887c-7d6b16d6b22c','2021-05-17 02:30:41','2021-05-17 02:30:34','END'),(450,'0233867f-fb3b-4244-bda6-9dbc6e8ef272','2021-05-17 02:30:26','2021-05-17 02:30:26','PAUSE'),(451,'0233867f-fb3b-4244-bda6-9dbc6e8ef272','2021-05-17 02:30:30','2021-05-17 02:30:26','START'),(452,'0233867f-fb3b-4244-bda6-9dbc6e8ef272','2021-05-17 02:32:40','2021-05-17 02:30:26','END'),(453,'0233867f-fb3b-4244-bda6-9dbc6e8ef272','2021-05-17 02:32:53','2021-05-17 02:32:53','PAUSE'),(454,'0233867f-fb3b-4244-bda6-9dbc6e8ef272','2021-05-17 02:33:25','2021-05-17 02:32:53','END'),(455,'1e336c82-ba5c-4f60-887c-7d6b16d6b22c','2021-05-17 02:32:24','2021-05-17 02:32:24','PAUSE'),(456,'1e336c82-ba5c-4f60-887c-7d6b16d6b22c','2021-05-17 02:38:40','2021-05-17 02:32:24','END'),(457,'0233867f-fb3b-4244-bda6-9dbc6e8ef272','2021-05-17 02:40:24','2021-05-17 02:40:24','PAUSE'),(458,'0233867f-fb3b-4244-bda6-9dbc6e8ef272','2021-05-17 02:40:29','2021-05-17 02:40:24','END'),(459,'0233867f-fb3b-4244-bda6-9dbc6e8ef272','2021-05-17 02:40:31','2021-05-17 02:40:31','PAUSE'),(460,'0233867f-fb3b-4244-bda6-9dbc6e8ef272','2021-05-17 02:40:36','2021-05-17 02:40:31','END'),(461,'1e336c82-ba5c-4f60-887c-7d6b16d6b22c','2021-05-17 02:40:34','2021-05-17 02:40:34','PAUSE'),(462,'1e336c82-ba5c-4f60-887c-7d6b16d6b22c','2021-05-17 02:40:37','2021-05-17 02:40:34','END'),(463,'1e336c82-ba5c-4f60-887c-7d6b16d6b22c','2021-05-17 02:40:38','2021-05-17 02:40:38','PAUSE'),(464,'1e336c82-ba5c-4f60-887c-7d6b16d6b22c','2021-05-17 02:45:30','2021-05-17 02:40:38','END'),(465,'0233867f-fb3b-4244-bda6-9dbc6e8ef272','2021-05-17 02:40:39','2021-05-17 02:40:39','PAUSE'),(466,'0233867f-fb3b-4244-bda6-9dbc6e8ef272','2021-05-17 02:59:05','2021-05-17 02:40:39','END'),(467,'0233867f-fb3b-4244-bda6-9dbc6e8ef272','2021-05-17 04:31:49','2021-05-17 04:31:49','PAUSE'),(468,'0233867f-fb3b-4244-bda6-9dbc6e8ef272','2021-05-17 04:34:51','2021-05-17 04:31:49','END'),(469,'0233867f-fb3b-4244-bda6-9dbc6e8ef272','2021-05-17 04:31:49','2021-05-17 04:31:49','PAUSE'),(470,'0233867f-fb3b-4244-bda6-9dbc6e8ef272','2021-05-17 04:34:51','2021-05-17 04:31:49','END'),(471,'0233867f-fb3b-4244-bda6-9dbc6e8ef272','2021-05-17 04:31:49','2021-05-17 04:31:49','PAUSE'),(472,'0233867f-fb3b-4244-bda6-9dbc6e8ef272','2021-05-17 04:31:49','2021-05-17 04:31:49','PAUSE'),(473,'0233867f-fb3b-4244-bda6-9dbc6e8ef272','2021-05-17 04:34:51','2021-05-17 04:31:49','END'),(474,'0233867f-fb3b-4244-bda6-9dbc6e8ef272','2021-05-17 04:31:49','2021-05-17 04:31:49','PAUSE'),(475,'0233867f-fb3b-4244-bda6-9dbc6e8ef272','2021-05-17 04:34:51','2021-05-17 04:31:49','END'),(476,'0233867f-fb3b-4244-bda6-9dbc6e8ef272','2021-05-17 04:34:51','2021-05-17 04:31:49','END'),(477,'1e336c82-ba5c-4f60-887c-7d6b16d6b22c','2021-05-17 04:31:44','2021-05-17 04:31:44','PAUSE'),(478,'1e336c82-ba5c-4f60-887c-7d6b16d6b22c','2021-05-17 04:35:20','2021-05-17 04:31:44','END'),(479,'1e336c82-ba5c-4f60-887c-7d6b16d6b22c','2021-05-17 04:35:29','2021-05-17 04:35:29','PAUSE'),(480,'1e336c82-ba5c-4f60-887c-7d6b16d6b22c','2021-05-17 04:36:40','2021-05-17 04:35:29','END'),(481,'1e336c82-ba5c-4f60-887c-7d6b16d6b22c','2021-05-17 04:36:45','2021-05-17 04:36:45','PAUSE'),(482,'1e336c82-ba5c-4f60-887c-7d6b16d6b22c','2021-05-17 04:37:37','2021-05-17 04:36:45','START'),(483,'1e336c82-ba5c-4f60-887c-7d6b16d6b22c','2021-05-17 04:38:15','2021-05-17 04:36:45','END'),(484,'1e336c82-ba5c-4f60-887c-7d6b16d6b22c','2021-05-17 04:41:05','2021-05-17 04:41:05','PAUSE'),(485,'1e336c82-ba5c-4f60-887c-7d6b16d6b22c','2021-05-17 04:43:09','2021-05-17 04:41:05','END'),(486,'0233867f-fb3b-4244-bda6-9dbc6e8ef272','2021-05-17 04:43:38','2021-05-17 04:43:38','PAUSE'),(487,'0233867f-fb3b-4244-bda6-9dbc6e8ef272','2021-05-17 04:43:44','2021-05-17 04:43:38','END'),(488,'ee8c93c0-36bf-44be-b7f2-3ebedcc38c65','2021-05-17 04:46:55','2021-05-17 04:46:55','PAUSE'),(489,'ee8c93c0-36bf-44be-b7f2-3ebedcc38c65','2021-05-17 04:47:14','2021-05-17 04:46:55','END'),(490,'ee8c93c0-36bf-44be-b7f2-3ebedcc38c65','2021-05-17 04:47:20','2021-05-17 04:47:20','PAUSE'),(491,'ee8c93c0-36bf-44be-b7f2-3ebedcc38c65','2021-05-17 04:47:28','2021-05-17 04:47:20','END'),(492,'1e336c82-ba5c-4f60-887c-7d6b16d6b22c','2021-05-17 04:47:58','2021-05-17 04:47:58','PAUSE'),(493,'1e336c82-ba5c-4f60-887c-7d6b16d6b22c','2021-05-17 04:48:03','2021-05-17 04:47:58','START'),(494,'1e336c82-ba5c-4f60-887c-7d6b16d6b22c','2021-05-17 04:48:11','2021-05-17 04:47:58','PAUSE'),(495,'1e336c82-ba5c-4f60-887c-7d6b16d6b22c','2021-05-17 04:48:16','2021-05-17 04:47:58','START'),(496,'1e336c82-ba5c-4f60-887c-7d6b16d6b22c','2021-05-17 04:48:23','2021-05-17 04:47:58','END'),(497,'ee8c93c0-36bf-44be-b7f2-3ebedcc38c65','2021-05-17 04:47:44','2021-05-17 04:47:44','PAUSE'),(498,'ee8c93c0-36bf-44be-b7f2-3ebedcc38c65','2021-05-17 04:49:04','2021-05-17 04:47:44','END'),(499,'ee8c93c0-36bf-44be-b7f2-3ebedcc38c65','2021-05-17 04:49:07','2021-05-17 04:49:07','PAUSE'),(500,'ee8c93c0-36bf-44be-b7f2-3ebedcc38c65','2021-05-17 04:49:12','2021-05-17 04:49:07','END'),(501,'1e336c82-ba5c-4f60-887c-7d6b16d6b22c','2021-05-17 04:48:28','2021-05-17 04:48:28','PAUSE'),(502,'1e336c82-ba5c-4f60-887c-7d6b16d6b22c','2021-05-17 04:48:31','2021-05-17 04:48:28','START'),(503,'1e336c82-ba5c-4f60-887c-7d6b16d6b22c','2021-05-17 04:50:35','2021-05-17 04:48:28','END'),(504,'ee8c93c0-36bf-44be-b7f2-3ebedcc38c65','2021-05-17 04:50:01','2021-05-17 04:50:01','PAUSE'),(505,'ee8c93c0-36bf-44be-b7f2-3ebedcc38c65','2021-05-17 04:50:59','2021-05-17 04:50:01','END'),(506,'ee8c93c0-36bf-44be-b7f2-3ebedcc38c65','2021-05-17 04:51:10','2021-05-17 04:51:10','PAUSE'),(507,'ee8c93c0-36bf-44be-b7f2-3ebedcc38c65','2021-05-17 04:51:25','2021-05-17 04:51:10','START'),(508,'ee8c93c0-36bf-44be-b7f2-3ebedcc38c65','2021-05-17 04:51:46','2021-05-17 04:51:10','END'),(509,'ee8c93c0-36bf-44be-b7f2-3ebedcc38c65','2021-05-17 04:52:14','2021-05-17 04:52:14','PAUSE'),(510,'ee8c93c0-36bf-44be-b7f2-3ebedcc38c65','2021-05-17 04:52:26','2021-05-17 04:52:14','END'),(511,'ee8c93c0-36bf-44be-b7f2-3ebedcc38c65','2021-05-17 04:52:47','2021-05-17 04:52:47','PAUSE'),(512,'ee8c93c0-36bf-44be-b7f2-3ebedcc38c65','2021-05-17 04:53:15','2021-05-17 04:52:47','END'),(513,'1e336c82-ba5c-4f60-887c-7d6b16d6b22c','2021-05-17 04:50:39','2021-05-17 04:50:39','PAUSE'),(514,'1e336c82-ba5c-4f60-887c-7d6b16d6b22c','2021-05-17 04:50:42','2021-05-17 04:50:39','START'),(515,'1e336c82-ba5c-4f60-887c-7d6b16d6b22c','2021-05-17 05:07:32','2021-05-17 04:50:39','END'),(516,'1e336c82-ba5c-4f60-887c-7d6b16d6b22c','2021-05-17 05:21:30','2021-05-17 05:21:30','PAUSE'),(517,'1e336c82-ba5c-4f60-887c-7d6b16d6b22c','2021-05-17 05:21:32','2021-05-17 05:21:30','START'),(518,'1e336c82-ba5c-4f60-887c-7d6b16d6b22c','2021-05-17 05:21:48','2021-05-17 05:21:30','END'),(519,'1e336c82-ba5c-4f60-887c-7d6b16d6b22c','2021-05-17 05:25:25','2021-05-17 05:25:25','PAUSE'),(520,'1e336c82-ba5c-4f60-887c-7d6b16d6b22c','2021-05-17 05:25:28','2021-05-17 05:25:25','START'),(521,'1e336c82-ba5c-4f60-887c-7d6b16d6b22c','2021-05-17 05:25:38','2021-05-17 05:25:25','END'),(522,'1e336c82-ba5c-4f60-887c-7d6b16d6b22c','2021-05-17 05:25:47','2021-05-17 05:25:47','PAUSE'),(523,'1e336c82-ba5c-4f60-887c-7d6b16d6b22c','2021-05-17 05:25:54','2021-05-17 05:25:47','END'),(524,'1e336c82-ba5c-4f60-887c-7d6b16d6b22c','2021-05-17 05:27:42','2021-05-17 05:27:42','PAUSE'),(525,'1e336c82-ba5c-4f60-887c-7d6b16d6b22c','2021-05-17 05:27:44','2021-05-17 05:27:42','START'),(526,'1e336c82-ba5c-4f60-887c-7d6b16d6b22c','2021-05-17 05:28:49','2021-05-17 05:27:42','PAUSE'),(527,'1e336c82-ba5c-4f60-887c-7d6b16d6b22c','2021-05-17 05:36:10','2021-05-17 05:27:42','END'),(528,'1e336c82-ba5c-4f60-887c-7d6b16d6b22c','2021-05-17 05:46:21','2021-05-17 05:46:21','PAUSE'),(529,'1e336c82-ba5c-4f60-887c-7d6b16d6b22c','2021-05-17 05:46:25','2021-05-17 05:46:21','END'),(530,'0233867f-fb3b-4244-bda6-9dbc6e8ef272','2021-05-17 04:50:30','2021-05-17 04:50:30','PAUSE'),(531,'0233867f-fb3b-4244-bda6-9dbc6e8ef272','2021-05-17 04:50:35','2021-05-17 04:50:30','START'),(532,'0233867f-fb3b-4244-bda6-9dbc6e8ef272','2021-05-17 05:11:02','2021-05-17 04:50:30','PAUSE'),(533,'0233867f-fb3b-4244-bda6-9dbc6e8ef272','2021-05-17 05:28:26','2021-05-17 04:50:30','START'),(534,'0233867f-fb3b-4244-bda6-9dbc6e8ef272','2021-05-17 06:04:10','2021-05-17 04:50:30','END'),(535,'1e336c82-ba5c-4f60-887c-7d6b16d6b22c','2021-05-17 06:12:25','2021-05-17 06:12:25','PAUSE'),(536,'1e336c82-ba5c-4f60-887c-7d6b16d6b22c','2021-05-17 06:12:28','2021-05-17 06:12:25','END'),(537,'1e336c82-ba5c-4f60-887c-7d6b16d6b22c','2021-05-17 06:12:52','2021-05-17 06:12:52','PAUSE'),(538,'1e336c82-ba5c-4f60-887c-7d6b16d6b22c','2021-05-17 06:12:54','2021-05-17 06:12:52','START'),(539,'1e336c82-ba5c-4f60-887c-7d6b16d6b22c','2021-05-17 06:12:58','2021-05-17 06:12:52','END'),(540,'1e336c82-ba5c-4f60-887c-7d6b16d6b22c','2021-05-17 06:14:03','2021-05-17 06:14:03','PAUSE'),(541,'1e336c82-ba5c-4f60-887c-7d6b16d6b22c','2021-05-17 06:14:05','2021-05-17 06:14:03','START'),(542,'1e336c82-ba5c-4f60-887c-7d6b16d6b22c','2021-05-17 06:16:01','2021-05-17 06:14:03','END'),(543,'1e336c82-ba5c-4f60-887c-7d6b16d6b22c','2021-05-17 06:16:05','2021-05-17 06:16:05','PAUSE'),(544,'1e336c82-ba5c-4f60-887c-7d6b16d6b22c','2021-05-17 06:16:07','2021-05-17 06:16:05','START'),(545,'1e336c82-ba5c-4f60-887c-7d6b16d6b22c','2021-05-17 06:16:18','2021-05-17 06:16:05','END'),(546,'1e336c82-ba5c-4f60-887c-7d6b16d6b22c','2021-05-17 06:51:39','2021-05-17 06:51:39','PAUSE'),(547,'1e336c82-ba5c-4f60-887c-7d6b16d6b22c','2021-05-17 06:51:42','2021-05-17 06:51:39','START'),(548,'1e336c82-ba5c-4f60-887c-7d6b16d6b22c','2021-05-17 06:51:56','2021-05-17 06:51:39','END'),(549,'1e336c82-ba5c-4f60-887c-7d6b16d6b22c','2021-05-17 06:52:00','2021-05-17 06:52:00','PAUSE'),(550,'1e336c82-ba5c-4f60-887c-7d6b16d6b22c','2021-05-17 06:52:03','2021-05-17 06:52:00','START'),(551,'1e336c82-ba5c-4f60-887c-7d6b16d6b22c','2021-05-17 06:52:07','2021-05-17 06:52:00','END'),(552,'1e336c82-ba5c-4f60-887c-7d6b16d6b22c','2021-05-17 06:52:10','2021-05-17 06:52:10','PAUSE'),(553,'1e336c82-ba5c-4f60-887c-7d6b16d6b22c','2021-05-17 06:52:12','2021-05-17 06:52:10','START'),(554,'1e336c82-ba5c-4f60-887c-7d6b16d6b22c','2021-05-17 06:52:21','2021-05-17 06:52:10','END'),(555,'1e336c82-ba5c-4f60-887c-7d6b16d6b22c','2021-05-17 07:16:59','2021-05-17 07:16:59','PAUSE'),(556,'1e336c82-ba5c-4f60-887c-7d6b16d6b22c','2021-05-17 07:17:01','2021-05-17 07:16:59','START'),(557,'1e336c82-ba5c-4f60-887c-7d6b16d6b22c','2021-05-17 07:17:08','2021-05-17 07:16:59','END'),(558,'1e336c82-ba5c-4f60-887c-7d6b16d6b22c','2021-05-17 07:17:17','2021-05-17 07:17:17','PAUSE'),(559,'1e336c82-ba5c-4f60-887c-7d6b16d6b22c','2021-05-17 07:20:25','2021-05-17 07:17:17','END'),(560,'1e336c82-ba5c-4f60-887c-7d6b16d6b22c','2021-05-17 07:20:31','2021-05-17 07:20:31','PAUSE'),(561,'1e336c82-ba5c-4f60-887c-7d6b16d6b22c','2021-05-17 07:20:36','2021-05-17 07:20:31','START'),(562,'1e336c82-ba5c-4f60-887c-7d6b16d6b22c','2021-05-17 07:20:38','2021-05-17 07:20:31','END'),(563,'1e336c82-ba5c-4f60-887c-7d6b16d6b22c','2021-05-17 07:21:56','2021-05-17 07:21:56','PAUSE'),(564,'1e336c82-ba5c-4f60-887c-7d6b16d6b22c','2021-05-17 07:21:58','2021-05-17 07:21:56','START'),(565,'1e336c82-ba5c-4f60-887c-7d6b16d6b22c','2021-05-17 07:22:04','2021-05-17 07:21:56','END'),(566,'1e336c82-ba5c-4f60-887c-7d6b16d6b22c','2021-05-17 07:29:25','2021-05-17 07:29:25','PAUSE'),(567,'1e336c82-ba5c-4f60-887c-7d6b16d6b22c','2021-05-17 07:29:28','2021-05-17 07:29:25','START'),(568,'1e336c82-ba5c-4f60-887c-7d6b16d6b22c','2021-05-17 07:29:37','2021-05-17 07:29:25','END'),(569,'1e336c82-ba5c-4f60-887c-7d6b16d6b22c','2021-05-17 07:29:47','2021-05-17 07:29:47','PAUSE'),(570,'1e336c82-ba5c-4f60-887c-7d6b16d6b22c','2021-05-17 07:29:51','2021-05-17 07:29:47','START'),(571,'1e336c82-ba5c-4f60-887c-7d6b16d6b22c','2021-05-17 07:29:54','2021-05-17 07:29:47','END'),(572,'1e336c82-ba5c-4f60-887c-7d6b16d6b22c','2021-05-17 07:30:34','2021-05-17 07:30:34','PAUSE'),(573,'1e336c82-ba5c-4f60-887c-7d6b16d6b22c','2021-05-17 07:30:36','2021-05-17 07:30:34','START'),(574,'1e336c82-ba5c-4f60-887c-7d6b16d6b22c','2021-05-17 07:30:43','2021-05-17 07:30:34','END'),(575,'1e336c82-ba5c-4f60-887c-7d6b16d6b22c','2021-05-17 07:34:20','2021-05-17 07:34:20','PAUSE'),(576,'1e336c82-ba5c-4f60-887c-7d6b16d6b22c','2021-05-17 07:34:22','2021-05-17 07:34:20','START'),(577,'1e336c82-ba5c-4f60-887c-7d6b16d6b22c','2021-05-17 07:34:37','2021-05-17 07:34:20','END'),(578,'1e336c82-ba5c-4f60-887c-7d6b16d6b22c','2021-05-17 07:41:19','2021-05-17 07:41:19','PAUSE'),(579,'1e336c82-ba5c-4f60-887c-7d6b16d6b22c','2021-05-17 07:41:21','2021-05-17 07:41:19','START'),(580,'1e336c82-ba5c-4f60-887c-7d6b16d6b22c','2021-05-17 07:41:33','2021-05-17 07:41:19','END'),(581,'1e336c82-ba5c-4f60-887c-7d6b16d6b22c','2021-05-17 07:43:41','2021-05-17 07:43:41','PAUSE'),(582,'1e336c82-ba5c-4f60-887c-7d6b16d6b22c','2021-05-17 07:43:43','2021-05-17 07:43:41','START'),(583,'1e336c82-ba5c-4f60-887c-7d6b16d6b22c','2021-05-17 07:43:46','2021-05-17 07:43:41','END'),(584,'1e336c82-ba5c-4f60-887c-7d6b16d6b22c','2021-05-17 07:43:52','2021-05-17 07:43:52','PAUSE'),(585,'1e336c82-ba5c-4f60-887c-7d6b16d6b22c','2021-05-17 07:43:55','2021-05-17 07:43:52','START'),(586,'1e336c82-ba5c-4f60-887c-7d6b16d6b22c','2021-05-17 07:44:02','2021-05-17 07:43:52','END'),(587,'1e336c82-ba5c-4f60-887c-7d6b16d6b22c','2021-05-17 07:44:14','2021-05-17 07:44:14','PAUSE'),(588,'1e336c82-ba5c-4f60-887c-7d6b16d6b22c','2021-05-17 07:44:16','2021-05-17 07:44:14','END'),(589,'1e336c82-ba5c-4f60-887c-7d6b16d6b22c','2021-05-17 07:44:37','2021-05-17 07:44:37','PAUSE'),(590,'1e336c82-ba5c-4f60-887c-7d6b16d6b22c','2021-05-17 07:44:39','2021-05-17 07:44:37','START'),(591,'1e336c82-ba5c-4f60-887c-7d6b16d6b22c','2021-05-17 07:44:42','2021-05-17 07:44:37','END'),(592,'1e336c82-ba5c-4f60-887c-7d6b16d6b22c','2021-05-17 07:46:19','2021-05-17 07:46:19','PAUSE'),(593,'1e336c82-ba5c-4f60-887c-7d6b16d6b22c','2021-05-17 07:46:23','2021-05-17 07:46:19','END'),(594,'0233867f-fb3b-4244-bda6-9dbc6e8ef272','2021-05-17 07:24:53','2021-05-17 07:24:53','PAUSE'),(595,'0233867f-fb3b-4244-bda6-9dbc6e8ef272','2021-05-17 07:24:57','2021-05-17 07:24:53','START'),(596,'0233867f-fb3b-4244-bda6-9dbc6e8ef272','2021-05-17 07:59:10','2021-05-17 07:24:53','PAUSE'),(597,'0233867f-fb3b-4244-bda6-9dbc6e8ef272','2021-05-17 08:07:54','2021-05-17 07:24:53','END'),(598,'0233867f-fb3b-4244-bda6-9dbc6e8ef272','2021-05-17 08:08:12','2021-05-17 08:08:12','PAUSE'),(599,'0233867f-fb3b-4244-bda6-9dbc6e8ef272','2021-05-17 08:08:21','2021-05-17 08:08:12','END'),(600,'0233867f-fb3b-4244-bda6-9dbc6e8ef272','2021-05-17 08:08:38','2021-05-17 08:08:38','PAUSE'),(601,'0233867f-fb3b-4244-bda6-9dbc6e8ef272','2021-05-17 08:08:46','2021-05-17 08:08:38','END'),(602,'0233867f-fb3b-4244-bda6-9dbc6e8ef272','2021-05-17 08:09:48','2021-05-17 08:09:48','PAUSE'),(603,'0233867f-fb3b-4244-bda6-9dbc6e8ef272','2021-05-17 08:09:54','2021-05-17 08:09:48','END'),(604,'0233867f-fb3b-4244-bda6-9dbc6e8ef272','2021-05-17 08:09:56','2021-05-17 08:09:56','PAUSE'),(605,'0233867f-fb3b-4244-bda6-9dbc6e8ef272','2021-05-17 08:10:03','2021-05-17 08:09:56','START'),(606,'0233867f-fb3b-4244-bda6-9dbc6e8ef272','2021-05-17 08:10:09','2021-05-17 08:09:56','END'),(607,'0233867f-fb3b-4244-bda6-9dbc6e8ef272','2021-05-17 08:10:11','2021-05-17 08:10:11','PAUSE'),(608,'0233867f-fb3b-4244-bda6-9dbc6e8ef272','2021-05-17 08:10:14','2021-05-17 08:10:11','START'),(609,'0233867f-fb3b-4244-bda6-9dbc6e8ef272','2021-05-17 08:10:19','2021-05-17 08:10:11','PAUSE'),(610,'0233867f-fb3b-4244-bda6-9dbc6e8ef272','2021-05-17 08:10:25','2021-05-17 08:10:11','START'),(611,'0233867f-fb3b-4244-bda6-9dbc6e8ef272','2021-05-17 08:10:31','2021-05-17 08:10:11','END'),(612,'0233867f-fb3b-4244-bda6-9dbc6e8ef272','2021-05-17 08:10:45','2021-05-17 08:10:45','PAUSE'),(613,'0233867f-fb3b-4244-bda6-9dbc6e8ef272','2021-05-17 08:10:48','2021-05-17 08:10:45','START'),(614,'0233867f-fb3b-4244-bda6-9dbc6e8ef272','2021-05-17 08:10:55','2021-05-17 08:10:45','END'),(615,'0233867f-fb3b-4244-bda6-9dbc6e8ef272','2021-05-17 08:12:30','2021-05-17 08:12:30','PAUSE'),(616,'0233867f-fb3b-4244-bda6-9dbc6e8ef272','2021-05-17 08:12:33','2021-05-17 08:12:30','START'),(617,'0233867f-fb3b-4244-bda6-9dbc6e8ef272','2021-05-17 08:12:37','2021-05-17 08:12:30','END'),(618,'0233867f-fb3b-4244-bda6-9dbc6e8ef272','2021-05-17 08:12:40','2021-05-17 08:12:40','PAUSE'),(619,'0233867f-fb3b-4244-bda6-9dbc6e8ef272','2021-05-17 08:12:43','2021-05-17 08:12:40','START'),(620,'0233867f-fb3b-4244-bda6-9dbc6e8ef272','2021-05-17 08:12:49','2021-05-17 08:12:40','PAUSE'),(621,'0233867f-fb3b-4244-bda6-9dbc6e8ef272','2021-05-17 08:12:52','2021-05-17 08:12:40','END'),(622,'1e336c82-ba5c-4f60-887c-7d6b16d6b22c','2021-05-17 08:10:29','2021-05-17 08:10:29','PAUSE'),(623,'1e336c82-ba5c-4f60-887c-7d6b16d6b22c','2021-05-17 08:10:44','2021-05-17 08:10:29','START'),(624,'1e336c82-ba5c-4f60-887c-7d6b16d6b22c','2021-05-17 08:13:03','2021-05-17 08:10:29','END'),(625,'0233867f-fb3b-4244-bda6-9dbc6e8ef272','2021-05-17 08:12:54','2021-05-17 08:12:54','PAUSE'),(626,'0233867f-fb3b-4244-bda6-9dbc6e8ef272','2021-05-17 08:12:59','2021-05-17 08:12:54','START'),(627,'0233867f-fb3b-4244-bda6-9dbc6e8ef272','2021-05-17 08:13:25','2021-05-17 08:12:54','END'),(628,'0233867f-fb3b-4244-bda6-9dbc6e8ef272','2021-05-17 08:13:42','2021-05-17 08:13:42','PAUSE'),(629,'0233867f-fb3b-4244-bda6-9dbc6e8ef272','2021-05-17 08:13:50','2021-05-17 08:13:42','START'),(630,'0233867f-fb3b-4244-bda6-9dbc6e8ef272','2021-05-17 08:14:13','2021-05-17 08:13:42','END'),(631,'1e336c82-ba5c-4f60-887c-7d6b16d6b22c','2021-05-17 08:13:12','2021-05-17 08:13:12','PAUSE'),(632,'1e336c82-ba5c-4f60-887c-7d6b16d6b22c','2021-05-17 08:13:21','2021-05-17 08:13:12','START'),(633,'1e336c82-ba5c-4f60-887c-7d6b16d6b22c','2021-05-17 08:14:30','2021-05-17 08:13:12','END'),(634,'0233867f-fb3b-4244-bda6-9dbc6e8ef272','2021-05-17 08:14:35','2021-05-17 08:14:35','PAUSE'),(635,'0233867f-fb3b-4244-bda6-9dbc6e8ef272','2021-05-17 08:14:46','2021-05-17 08:14:35','END'),(636,'0233867f-fb3b-4244-bda6-9dbc6e8ef272','2021-05-17 08:14:58','2021-05-17 08:14:58','PAUSE'),(637,'0233867f-fb3b-4244-bda6-9dbc6e8ef272','2021-05-17 08:15:01','2021-05-17 08:14:58','START'),(638,'0233867f-fb3b-4244-bda6-9dbc6e8ef272','2021-05-17 08:15:15','2021-05-17 08:14:58','END'),(639,'1e336c82-ba5c-4f60-887c-7d6b16d6b22c','2021-05-17 08:14:38','2021-05-17 08:14:38','PAUSE'),(640,'1e336c82-ba5c-4f60-887c-7d6b16d6b22c','2021-05-17 08:14:42','2021-05-17 08:14:38','START'),(641,'1e336c82-ba5c-4f60-887c-7d6b16d6b22c','2021-05-17 08:16:38','2021-05-17 08:14:38','END'),(642,'0233867f-fb3b-4244-bda6-9dbc6e8ef272','2021-05-17 08:16:43','2021-05-17 08:16:43','PAUSE'),(643,'0233867f-fb3b-4244-bda6-9dbc6e8ef272','2021-05-17 08:16:53','2021-05-17 08:16:43','START'),(644,'0233867f-fb3b-4244-bda6-9dbc6e8ef272','2021-05-17 08:16:58','2021-05-17 08:16:43','PAUSE'),(645,'0233867f-fb3b-4244-bda6-9dbc6e8ef272','2021-05-17 08:17:01','2021-05-17 08:16:43','END'),(646,'0233867f-fb3b-4244-bda6-9dbc6e8ef272','2021-05-17 08:17:05','2021-05-17 08:17:05','PAUSE'),(647,'0233867f-fb3b-4244-bda6-9dbc6e8ef272','2021-05-17 08:17:17','2021-05-17 08:17:05','START'),(648,'0233867f-fb3b-4244-bda6-9dbc6e8ef272','2021-05-17 08:17:24','2021-05-17 08:17:05','PAUSE'),(649,'0233867f-fb3b-4244-bda6-9dbc6e8ef272','2021-05-17 08:17:27','2021-05-17 08:17:05','END'),(650,'0233867f-fb3b-4244-bda6-9dbc6e8ef272','2021-05-17 08:17:30','2021-05-17 08:17:30','PAUSE'),(651,'0233867f-fb3b-4244-bda6-9dbc6e8ef272','2021-05-17 08:17:52','2021-05-17 08:17:30','END'),(652,'0233867f-fb3b-4244-bda6-9dbc6e8ef272','2021-05-17 08:17:57','2021-05-17 08:17:57','PAUSE'),(653,'0233867f-fb3b-4244-bda6-9dbc6e8ef272','2021-05-17 08:18:24','2021-05-17 08:17:57','END'),(654,'0233867f-fb3b-4244-bda6-9dbc6e8ef272','2021-05-17 08:18:30','2021-05-17 08:18:30','PAUSE'),(655,'0233867f-fb3b-4244-bda6-9dbc6e8ef272','2021-05-17 08:18:55','2021-05-17 08:18:30','END'),(656,'0233867f-fb3b-4244-bda6-9dbc6e8ef272','2021-05-17 08:18:56','2021-05-17 08:18:56','PAUSE'),(657,'0233867f-fb3b-4244-bda6-9dbc6e8ef272','2021-05-17 08:19:10','2021-05-17 08:18:56','END'),(658,'ee8c93c0-36bf-44be-b7f2-3ebedcc38c65','2021-05-17 08:20:14','2021-05-17 08:20:14','PAUSE'),(659,'ee8c93c0-36bf-44be-b7f2-3ebedcc38c65','2021-05-17 08:20:19','2021-05-17 08:20:14','END'),(660,'1e336c82-ba5c-4f60-887c-7d6b16d6b22c','2021-05-17 08:16:42','2021-05-17 08:16:42','PAUSE'),(661,'1e336c82-ba5c-4f60-887c-7d6b16d6b22c','2021-05-17 08:16:49','2021-05-17 08:16:42','START'),(662,'1e336c82-ba5c-4f60-887c-7d6b16d6b22c','2021-05-17 08:20:28','2021-05-17 08:16:42','END'),(663,'1e336c82-ba5c-4f60-887c-7d6b16d6b22c','2021-05-17 08:20:53','2021-05-17 08:20:53','PAUSE'),(664,'1e336c82-ba5c-4f60-887c-7d6b16d6b22c','2021-05-17 08:20:56','2021-05-17 08:20:53','START'),(665,'1e336c82-ba5c-4f60-887c-7d6b16d6b22c','2021-05-17 08:21:11','2021-05-17 08:20:53','END'),(666,'0233867f-fb3b-4244-bda6-9dbc6e8ef272','2021-05-17 08:19:16','2021-05-17 08:19:16','PAUSE'),(667,'0233867f-fb3b-4244-bda6-9dbc6e8ef272','2021-05-17 08:19:21','2021-05-17 08:19:16','START'),(668,'0233867f-fb3b-4244-bda6-9dbc6e8ef272','2021-05-17 08:21:06','2021-05-17 08:19:16','PAUSE'),(669,'0233867f-fb3b-4244-bda6-9dbc6e8ef272','2021-05-17 08:21:15','2021-05-17 08:19:16','START'),(670,'0233867f-fb3b-4244-bda6-9dbc6e8ef272','2021-05-17 08:21:32','2021-05-17 08:19:16','END'),(671,'1e336c82-ba5c-4f60-887c-7d6b16d6b22c','2021-05-17 08:21:30','2021-05-17 08:21:30','PAUSE'),(672,'1e336c82-ba5c-4f60-887c-7d6b16d6b22c','2021-05-17 08:21:34','2021-05-17 08:21:30','START'),(673,'1e336c82-ba5c-4f60-887c-7d6b16d6b22c','2021-05-17 08:21:55','2021-05-17 08:21:30','END'),(674,'ee8c93c0-36bf-44be-b7f2-3ebedcc38c65','2021-05-17 08:20:21','2021-05-17 08:20:21','PAUSE'),(675,'ee8c93c0-36bf-44be-b7f2-3ebedcc38c65','2021-05-17 08:20:41','2021-05-17 08:20:21','START'),(676,'ee8c93c0-36bf-44be-b7f2-3ebedcc38c65','2021-05-17 08:20:48','2021-05-17 08:20:21','PAUSE'),(677,'ee8c93c0-36bf-44be-b7f2-3ebedcc38c65','2021-05-17 08:22:10','2021-05-17 08:20:21','END'),(678,'ee8c93c0-36bf-44be-b7f2-3ebedcc38c65','2021-05-17 08:22:11','2021-05-17 08:22:11','PAUSE'),(679,'ee8c93c0-36bf-44be-b7f2-3ebedcc38c65','2021-05-17 08:22:17','2021-05-17 08:22:11','START'),(680,'ee8c93c0-36bf-44be-b7f2-3ebedcc38c65','2021-05-17 08:23:10','2021-05-17 08:22:11','PAUSE'),(681,'ee8c93c0-36bf-44be-b7f2-3ebedcc38c65','2021-05-17 08:23:57','2021-05-17 08:22:11','END'),(682,'0233867f-fb3b-4244-bda6-9dbc6e8ef272','2021-05-17 08:21:42','2021-05-17 08:21:42','PAUSE'),(683,'0233867f-fb3b-4244-bda6-9dbc6e8ef272','2021-05-17 08:22:00','2021-05-17 08:21:42','START'),(684,'0233867f-fb3b-4244-bda6-9dbc6e8ef272','2021-05-17 08:22:11','2021-05-17 08:21:42','PAUSE'),(685,'0233867f-fb3b-4244-bda6-9dbc6e8ef272','2021-05-17 08:22:25','2021-05-17 08:21:42','START'),(686,'0233867f-fb3b-4244-bda6-9dbc6e8ef272','2021-05-17 08:22:48','2021-05-17 08:21:42','PAUSE'),(687,'0233867f-fb3b-4244-bda6-9dbc6e8ef272','2021-05-17 08:22:52','2021-05-17 08:21:42','START'),(688,'0233867f-fb3b-4244-bda6-9dbc6e8ef272','2021-05-17 08:22:59','2021-05-17 08:21:42','PAUSE'),(689,'0233867f-fb3b-4244-bda6-9dbc6e8ef272','2021-05-17 08:23:15','2021-05-17 08:21:42','START'),(690,'0233867f-fb3b-4244-bda6-9dbc6e8ef272','2021-05-17 08:23:42','2021-05-17 08:21:42','PAUSE'),(691,'0233867f-fb3b-4244-bda6-9dbc6e8ef272','2021-05-17 08:23:55','2021-05-17 08:21:42','START'),(692,'0233867f-fb3b-4244-bda6-9dbc6e8ef272','2021-05-17 08:24:53','2021-05-17 08:21:42','END'),(693,'0233867f-fb3b-4244-bda6-9dbc6e8ef272','2021-05-17 08:24:56','2021-05-17 08:24:56','PAUSE'),(694,'0233867f-fb3b-4244-bda6-9dbc6e8ef272','2021-05-17 08:25:01','2021-05-17 08:24:56','START'),(695,'0233867f-fb3b-4244-bda6-9dbc6e8ef272','2021-05-17 08:25:20','2021-05-17 08:24:56','END'),(696,'98d06ea2-3167-46ed-9fbd-6b04d9ccfa28','2021-05-17 08:19:01','2021-05-17 08:19:01','PAUSE'),(697,'98d06ea2-3167-46ed-9fbd-6b04d9ccfa28','2021-05-17 08:19:14','2021-05-17 08:19:01','START'),(698,'98d06ea2-3167-46ed-9fbd-6b04d9ccfa28','2021-05-17 08:21:42','2021-05-17 08:19:01','PAUSE'),(699,'98d06ea2-3167-46ed-9fbd-6b04d9ccfa28','2021-05-17 08:21:57','2021-05-17 08:19:01','START'),(700,'98d06ea2-3167-46ed-9fbd-6b04d9ccfa28','2021-05-17 08:22:02','2021-05-17 08:19:01','PAUSE'),(701,'98d06ea2-3167-46ed-9fbd-6b04d9ccfa28','2021-05-17 08:22:14','2021-05-17 08:19:01','START'),(702,'98d06ea2-3167-46ed-9fbd-6b04d9ccfa28','2021-05-17 08:22:16','2021-05-17 08:19:01','PAUSE'),(703,'98d06ea2-3167-46ed-9fbd-6b04d9ccfa28','2021-05-17 08:25:36','2021-05-17 08:19:01','START'),(704,'98d06ea2-3167-46ed-9fbd-6b04d9ccfa28','2021-05-17 08:25:40','2021-05-17 08:19:01','PAUSE'),(705,'98d06ea2-3167-46ed-9fbd-6b04d9ccfa28','2021-05-17 08:26:16','2021-05-17 08:19:01','START'),(706,'98d06ea2-3167-46ed-9fbd-6b04d9ccfa28','2021-05-17 08:26:24','2021-05-17 08:19:01','PAUSE'),(707,'98d06ea2-3167-46ed-9fbd-6b04d9ccfa28','2021-05-17 08:27:44','2021-05-17 08:19:01','START'),(708,'98d06ea2-3167-46ed-9fbd-6b04d9ccfa28','2021-05-17 08:28:13','2021-05-17 08:19:01','PAUSE'),(709,'98d06ea2-3167-46ed-9fbd-6b04d9ccfa28','2021-05-17 08:28:26','2021-05-17 08:19:01','END'),(710,'0233867f-fb3b-4244-bda6-9dbc6e8ef272','2021-05-17 08:25:24','2021-05-17 08:25:24','PAUSE'),(711,'0233867f-fb3b-4244-bda6-9dbc6e8ef272','2021-05-17 08:25:31','2021-05-17 08:25:24','START'),(712,'0233867f-fb3b-4244-bda6-9dbc6e8ef272','2021-05-17 08:26:01','2021-05-17 08:25:24','PAUSE'),(713,'0233867f-fb3b-4244-bda6-9dbc6e8ef272','2021-05-17 08:27:08','2021-05-17 08:25:24','START'),(714,'0233867f-fb3b-4244-bda6-9dbc6e8ef272','2021-05-17 08:29:51','2021-05-17 08:25:24','END'),(715,'0233867f-fb3b-4244-bda6-9dbc6e8ef272','2021-05-17 08:29:56','2021-05-17 08:29:56','PAUSE'),(716,'0233867f-fb3b-4244-bda6-9dbc6e8ef272','2021-05-17 08:30:02','2021-05-17 08:29:56','START'),(717,'0233867f-fb3b-4244-bda6-9dbc6e8ef272','2021-05-17 08:30:24','2021-05-17 08:29:56','PAUSE'),(718,'0233867f-fb3b-4244-bda6-9dbc6e8ef272','2021-05-17 08:30:29','2021-05-17 08:29:56','START'),(719,'0233867f-fb3b-4244-bda6-9dbc6e8ef272','2021-05-17 08:31:20','2021-05-17 08:29:56','END'),(720,'98d06ea2-3167-46ed-9fbd-6b04d9ccfa28','2021-05-17 08:30:20','2021-05-17 08:30:20','PAUSE'),(721,'98d06ea2-3167-46ed-9fbd-6b04d9ccfa28','2021-05-17 08:31:36','2021-05-17 08:30:20','END'),(722,'98d06ea2-3167-46ed-9fbd-6b04d9ccfa28','2021-05-17 08:31:44','2021-05-17 08:31:44','PAUSE'),(723,'98d06ea2-3167-46ed-9fbd-6b04d9ccfa28','2021-05-17 08:31:50','2021-05-17 08:31:44','END'),(724,'98d06ea2-3167-46ed-9fbd-6b04d9ccfa28','2021-05-17 08:31:54','2021-05-17 08:31:54','PAUSE'),(725,'98d06ea2-3167-46ed-9fbd-6b04d9ccfa28','2021-05-17 08:31:57','2021-05-17 08:31:54','END'),(726,'0233867f-fb3b-4244-bda6-9dbc6e8ef272','2021-05-17 08:31:23','2021-05-17 08:31:23','PAUSE'),(727,'0233867f-fb3b-4244-bda6-9dbc6e8ef272','2021-05-17 08:31:32','2021-05-17 08:31:23','START'),(728,'0233867f-fb3b-4244-bda6-9dbc6e8ef272','2021-05-17 08:32:11','2021-05-17 08:31:23','END'),(729,'0233867f-fb3b-4244-bda6-9dbc6e8ef272','2021-05-17 08:32:14','2021-05-17 08:32:14','PAUSE'),(730,'0233867f-fb3b-4244-bda6-9dbc6e8ef272','2021-05-17 08:32:46','2021-05-17 08:32:14','END'),(731,'0233867f-fb3b-4244-bda6-9dbc6e8ef272','2021-05-17 08:32:49','2021-05-17 08:32:49','PAUSE'),(732,'0233867f-fb3b-4244-bda6-9dbc6e8ef272','2021-05-17 08:32:55','2021-05-17 08:32:49','START'),(733,'0233867f-fb3b-4244-bda6-9dbc6e8ef272','2021-05-17 08:35:01','2021-05-17 08:32:49','END'),(734,'0233867f-fb3b-4244-bda6-9dbc6e8ef272','2021-05-17 08:35:03','2021-05-17 08:35:03','PAUSE'),(735,'0233867f-fb3b-4244-bda6-9dbc6e8ef272','2021-05-17 08:35:07','2021-05-17 08:35:03','START'),(736,'0233867f-fb3b-4244-bda6-9dbc6e8ef272','2021-05-17 08:35:13','2021-05-17 08:35:03','PAUSE'),(737,'0233867f-fb3b-4244-bda6-9dbc6e8ef272','2021-05-17 08:35:16','2021-05-17 08:35:03','START'),(738,'0233867f-fb3b-4244-bda6-9dbc6e8ef272','2021-05-17 08:35:30','2021-05-17 08:35:03','END'),(739,'0233867f-fb3b-4244-bda6-9dbc6e8ef272','2021-05-17 08:35:37','2021-05-17 08:35:37','PAUSE'),(740,'0233867f-fb3b-4244-bda6-9dbc6e8ef272','2021-05-17 08:35:55','2021-05-17 08:35:37','END'),(741,'1e336c82-ba5c-4f60-887c-7d6b16d6b22c','2021-05-17 08:22:07','2021-05-17 08:22:07','PAUSE'),(742,'1e336c82-ba5c-4f60-887c-7d6b16d6b22c','2021-05-17 08:22:10','2021-05-17 08:22:07','START'),(743,'1e336c82-ba5c-4f60-887c-7d6b16d6b22c','2021-05-17 08:24:55','2021-05-17 08:22:07','PAUSE'),(744,'1e336c82-ba5c-4f60-887c-7d6b16d6b22c','2021-05-17 08:26:16','2021-05-17 08:22:07','START'),(745,'1e336c82-ba5c-4f60-887c-7d6b16d6b22c','2021-05-17 08:26:30','2021-05-17 08:22:07','PAUSE'),(746,'1e336c82-ba5c-4f60-887c-7d6b16d6b22c','2021-05-17 08:31:21','2021-05-17 08:22:07','START'),(747,'1e336c82-ba5c-4f60-887c-7d6b16d6b22c','2021-05-17 08:31:24','2021-05-17 08:22:07','PAUSE'),(748,'1e336c82-ba5c-4f60-887c-7d6b16d6b22c','2021-05-17 08:31:27','2021-05-17 08:22:07','START'),(749,'1e336c82-ba5c-4f60-887c-7d6b16d6b22c','2021-05-17 08:36:09','2021-05-17 08:22:07','END'),(750,'98d06ea2-3167-46ed-9fbd-6b04d9ccfa28','2021-05-17 08:36:34','2021-05-17 08:36:34','PAUSE'),(751,'98d06ea2-3167-46ed-9fbd-6b04d9ccfa28','2021-05-17 08:36:36','2021-05-17 08:36:34','END'),(752,'98d06ea2-3167-46ed-9fbd-6b04d9ccfa28','2021-05-17 08:36:39','2021-05-17 08:36:39','PAUSE'),(753,'98d06ea2-3167-46ed-9fbd-6b04d9ccfa28','2021-05-17 08:36:45','2021-05-17 08:36:39','START'),(754,'98d06ea2-3167-46ed-9fbd-6b04d9ccfa28','2021-05-17 08:36:48','2021-05-17 08:36:39','END'),(755,'98d06ea2-3167-46ed-9fbd-6b04d9ccfa28','2021-05-17 08:36:51','2021-05-17 08:36:51','PAUSE'),(756,'98d06ea2-3167-46ed-9fbd-6b04d9ccfa28','2021-05-17 08:37:02','2021-05-17 08:36:51','END'),(757,'1e336c82-ba5c-4f60-887c-7d6b16d6b22c','2021-05-17 08:36:16','2021-05-17 08:36:16','PAUSE'),(758,'1e336c82-ba5c-4f60-887c-7d6b16d6b22c','2021-05-17 08:36:20','2021-05-17 08:36:16','START'),(759,'1e336c82-ba5c-4f60-887c-7d6b16d6b22c','2021-05-17 08:36:25','2021-05-17 08:36:16','PAUSE'),(760,'1e336c82-ba5c-4f60-887c-7d6b16d6b22c','2021-05-17 08:37:10','2021-05-17 08:36:16','END'),(761,'98d06ea2-3167-46ed-9fbd-6b04d9ccfa28','2021-05-17 08:37:12','2021-05-17 08:37:12','PAUSE'),(762,'98d06ea2-3167-46ed-9fbd-6b04d9ccfa28','2021-05-17 08:37:15','2021-05-17 08:37:12','START'),(763,'98d06ea2-3167-46ed-9fbd-6b04d9ccfa28','2021-05-17 08:37:19','2021-05-17 08:37:12','PAUSE'),(764,'98d06ea2-3167-46ed-9fbd-6b04d9ccfa28','2021-05-17 08:37:22','2021-05-17 08:37:12','END'),(765,'1e336c82-ba5c-4f60-887c-7d6b16d6b22c','2021-05-17 08:37:20','2021-05-17 08:37:20','PAUSE'),(766,'1e336c82-ba5c-4f60-887c-7d6b16d6b22c','2021-05-17 08:37:24','2021-05-17 08:37:20','END'),(767,'1e336c82-ba5c-4f60-887c-7d6b16d6b22c','2021-05-17 08:37:26','2021-05-17 08:37:26','PAUSE'),(768,'1e336c82-ba5c-4f60-887c-7d6b16d6b22c','2021-05-17 08:37:28','2021-05-17 08:37:26','END'),(769,'0233867f-fb3b-4244-bda6-9dbc6e8ef272','2021-05-17 08:35:58','2021-05-17 08:35:58','PAUSE'),(770,'0233867f-fb3b-4244-bda6-9dbc6e8ef272','2021-05-17 08:37:30','2021-05-17 08:35:58','END'),(771,'1e336c82-ba5c-4f60-887c-7d6b16d6b22c','2021-05-17 08:37:34','2021-05-17 08:37:34','PAUSE'),(772,'1e336c82-ba5c-4f60-887c-7d6b16d6b22c','2021-05-17 08:37:36','2021-05-17 08:37:34','END'),(773,'0233867f-fb3b-4244-bda6-9dbc6e8ef272','2021-05-17 08:37:38','2021-05-17 08:37:38','PAUSE'),(774,'0233867f-fb3b-4244-bda6-9dbc6e8ef272','2021-05-17 08:37:41','2021-05-17 08:37:38','END'),(775,'98d06ea2-3167-46ed-9fbd-6b04d9ccfa28','2021-05-17 08:37:26','2021-05-17 08:37:26','PAUSE'),(776,'98d06ea2-3167-46ed-9fbd-6b04d9ccfa28','2021-05-17 08:37:42','2021-05-17 08:37:26','END'),(777,'0233867f-fb3b-4244-bda6-9dbc6e8ef272','2021-05-17 08:37:46','2021-05-17 08:37:46','PAUSE'),(778,'0233867f-fb3b-4244-bda6-9dbc6e8ef272','2021-05-17 08:37:49','2021-05-17 08:37:46','END'),(779,'0233867f-fb3b-4244-bda6-9dbc6e8ef272','2021-05-17 08:37:53','2021-05-17 08:37:53','PAUSE'),(780,'0233867f-fb3b-4244-bda6-9dbc6e8ef272','2021-05-17 08:37:56','2021-05-17 08:37:53','END'),(781,'98d06ea2-3167-46ed-9fbd-6b04d9ccfa28','2021-05-17 08:37:46','2021-05-17 08:37:46','PAUSE'),(782,'98d06ea2-3167-46ed-9fbd-6b04d9ccfa28','2021-05-17 08:37:51','2021-05-17 08:37:46','START'),(783,'98d06ea2-3167-46ed-9fbd-6b04d9ccfa28','2021-05-17 08:37:55','2021-05-17 08:37:46','PAUSE'),(784,'98d06ea2-3167-46ed-9fbd-6b04d9ccfa28','2021-05-17 08:37:58','2021-05-17 08:37:46','START'),(785,'98d06ea2-3167-46ed-9fbd-6b04d9ccfa28','2021-05-17 08:38:01','2021-05-17 08:37:46','END'),(786,'98d06ea2-3167-46ed-9fbd-6b04d9ccfa28','2021-05-17 08:38:09','2021-05-17 08:38:09','PAUSE'),(787,'98d06ea2-3167-46ed-9fbd-6b04d9ccfa28','2021-05-17 08:38:12','2021-05-17 08:38:09','END'),(788,'98d06ea2-3167-46ed-9fbd-6b04d9ccfa28','2021-05-17 08:38:26','2021-05-17 08:38:26','PAUSE'),(789,'98d06ea2-3167-46ed-9fbd-6b04d9ccfa28','2021-05-17 08:38:49','2021-05-17 08:38:26','START'),(790,'98d06ea2-3167-46ed-9fbd-6b04d9ccfa28','2021-05-17 08:38:52','2021-05-17 08:38:26','END'),(791,'98d06ea2-3167-46ed-9fbd-6b04d9ccfa28','2021-05-17 08:38:54','2021-05-17 08:38:54','PAUSE'),(792,'98d06ea2-3167-46ed-9fbd-6b04d9ccfa28','2021-05-17 08:38:57','2021-05-17 08:38:54','START'),(793,'98d06ea2-3167-46ed-9fbd-6b04d9ccfa28','2021-05-17 08:39:04','2021-05-17 08:38:54','PAUSE'),(794,'98d06ea2-3167-46ed-9fbd-6b04d9ccfa28','2021-05-17 08:39:09','2021-05-17 08:38:54','START'),(795,'98d06ea2-3167-46ed-9fbd-6b04d9ccfa28','2021-05-17 08:39:11','2021-05-17 08:38:54','PAUSE'),(796,'98d06ea2-3167-46ed-9fbd-6b04d9ccfa28','2021-05-17 08:39:13','2021-05-17 08:38:54','START'),(797,'98d06ea2-3167-46ed-9fbd-6b04d9ccfa28','2021-05-17 08:39:17','2021-05-17 08:38:54','PAUSE'),(798,'98d06ea2-3167-46ed-9fbd-6b04d9ccfa28','2021-05-17 08:39:19','2021-05-17 08:38:54','END'),(799,'98d06ea2-3167-46ed-9fbd-6b04d9ccfa28','2021-05-17 08:39:24','2021-05-17 08:39:24','PAUSE'),(800,'98d06ea2-3167-46ed-9fbd-6b04d9ccfa28','2021-05-17 08:39:37','2021-05-17 08:39:24','START'),(801,'98d06ea2-3167-46ed-9fbd-6b04d9ccfa28','2021-05-17 08:39:42','2021-05-17 08:39:24','END'),(802,'98d06ea2-3167-46ed-9fbd-6b04d9ccfa28','2021-05-17 08:39:44','2021-05-17 08:39:44','PAUSE'),(803,'98d06ea2-3167-46ed-9fbd-6b04d9ccfa28','2021-05-17 08:40:01','2021-05-17 08:39:44','END'),(804,'98d06ea2-3167-46ed-9fbd-6b04d9ccfa28','2021-05-17 08:40:07','2021-05-17 08:40:07','PAUSE'),(805,'98d06ea2-3167-46ed-9fbd-6b04d9ccfa28','2021-05-17 08:40:56','2021-05-17 08:40:07','END'),(806,'98d06ea2-3167-46ed-9fbd-6b04d9ccfa28','2021-05-17 08:41:49','2021-05-17 08:41:49','PAUSE'),(807,'98d06ea2-3167-46ed-9fbd-6b04d9ccfa28','2021-05-17 08:44:41','2021-05-17 08:41:49','END'),(808,'98d06ea2-3167-46ed-9fbd-6b04d9ccfa28','2021-05-17 08:44:45','2021-05-17 08:44:45','PAUSE'),(809,'98d06ea2-3167-46ed-9fbd-6b04d9ccfa28','2021-05-17 08:44:55','2021-05-17 08:44:45','START'),(810,'98d06ea2-3167-46ed-9fbd-6b04d9ccfa28','2021-05-17 08:46:10','2021-05-17 08:44:45','END'),(811,'1e336c82-ba5c-4f60-887c-7d6b16d6b22c','2021-05-17 08:37:42','2021-05-17 08:37:42','PAUSE'),(812,'1e336c82-ba5c-4f60-887c-7d6b16d6b22c','2021-05-17 08:47:24','2021-05-17 08:37:42','END'),(813,'1e336c82-ba5c-4f60-887c-7d6b16d6b22c','2021-05-17 08:47:28','2021-05-17 08:47:28','PAUSE'),(814,'1e336c82-ba5c-4f60-887c-7d6b16d6b22c','2021-05-17 08:48:05','2021-05-17 08:47:28','END'),(815,'1e336c82-ba5c-4f60-887c-7d6b16d6b22c','2021-05-17 08:56:42','2021-05-17 08:56:42','PAUSE'),(816,'1e336c82-ba5c-4f60-887c-7d6b16d6b22c','2021-05-17 09:03:31','2021-05-17 08:56:42','END'),(817,'1e336c82-ba5c-4f60-887c-7d6b16d6b22c','2021-05-17 09:03:45','2021-05-17 09:03:45','PAUSE'),(818,'1e336c82-ba5c-4f60-887c-7d6b16d6b22c','2021-05-17 09:03:50','2021-05-17 09:03:45','END'),(819,'0233867f-fb3b-4244-bda6-9dbc6e8ef272','2021-05-17 08:38:05','2021-05-17 08:38:05','PAUSE'),(820,'0233867f-fb3b-4244-bda6-9dbc6e8ef272','2021-05-17 08:39:03','2021-05-17 08:38:05','START'),(821,'0233867f-fb3b-4244-bda6-9dbc6e8ef272','2021-05-17 09:05:01','2021-05-17 08:38:05','PAUSE'),(822,'0233867f-fb3b-4244-bda6-9dbc6e8ef272','2021-05-17 09:05:13','2021-05-17 08:38:05','END'),(823,'1e336c82-ba5c-4f60-887c-7d6b16d6b22c','2021-05-17 09:03:55','2021-05-17 09:03:55','PAUSE'),(824,'1e336c82-ba5c-4f60-887c-7d6b16d6b22c','2021-05-17 09:06:28','2021-05-17 09:03:55','END'),(825,'98d06ea2-3167-46ed-9fbd-6b04d9ccfa28','2021-05-17 09:35:16','2021-05-17 09:35:16','PAUSE'),(826,'98d06ea2-3167-46ed-9fbd-6b04d9ccfa28','2021-05-17 09:35:40','2021-05-17 09:35:16','END'),(827,'ee8c93c0-36bf-44be-b7f2-3ebedcc38c65','2021-05-17 13:19:08','2021-05-17 13:19:08','PAUSE'),(828,'ee8c93c0-36bf-44be-b7f2-3ebedcc38c65','2021-05-17 13:19:14','2021-05-17 13:19:08','START'),(829,'ee8c93c0-36bf-44be-b7f2-3ebedcc38c65','2021-05-17 13:28:06','2021-05-17 13:19:08','END'),(830,'0233867f-fb3b-4244-bda6-9dbc6e8ef272','2021-05-17 11:44:48','2021-05-17 11:44:48','PAUSE'),(831,'0233867f-fb3b-4244-bda6-9dbc6e8ef272','2021-05-17 11:44:52','2021-05-17 11:44:48','START'),(832,'0233867f-fb3b-4244-bda6-9dbc6e8ef272','2021-05-17 12:57:54','2021-05-17 11:44:48','PAUSE'),(833,'0233867f-fb3b-4244-bda6-9dbc6e8ef272','2021-05-17 12:58:23','2021-05-17 11:44:48','START'),(834,'0233867f-fb3b-4244-bda6-9dbc6e8ef272','2021-05-17 13:45:53','2021-05-17 11:44:48','PAUSE'),(835,'0233867f-fb3b-4244-bda6-9dbc6e8ef272','2021-05-17 13:45:56','2021-05-17 11:44:48','END'),(836,'0233867f-fb3b-4244-bda6-9dbc6e8ef272','2021-05-17 15:37:27','2021-05-17 15:37:27','PAUSE'),(837,'0233867f-fb3b-4244-bda6-9dbc6e8ef272','2021-05-17 15:37:47','2021-05-17 15:37:27','START'),(838,'0233867f-fb3b-4244-bda6-9dbc6e8ef272','2021-05-17 16:30:25','2021-05-17 15:37:27','PAUSE'),(839,'0233867f-fb3b-4244-bda6-9dbc6e8ef272','2021-05-17 16:30:28','2021-05-17 15:37:27','END'),(840,'1e336c82-ba5c-4f60-887c-7d6b16d6b22c','2021-05-17 14:03:38','2021-05-17 14:03:38','PAUSE'),(841,'1e336c82-ba5c-4f60-887c-7d6b16d6b22c','2021-05-17 17:03:08','2021-05-17 14:03:38','END'),(842,'1e336c82-ba5c-4f60-887c-7d6b16d6b22c','2021-05-17 17:03:17','2021-05-17 17:03:17','PAUSE'),(843,'1e336c82-ba5c-4f60-887c-7d6b16d6b22c','2021-05-17 17:03:33','2021-05-17 17:03:17','END'),(844,'98d06ea2-3167-46ed-9fbd-6b04d9ccfa28','2021-05-17 12:53:50','2021-05-17 12:53:50','PAUSE'),(845,'98d06ea2-3167-46ed-9fbd-6b04d9ccfa28','2021-05-17 12:54:47','2021-05-17 12:53:50','START'),(846,'98d06ea2-3167-46ed-9fbd-6b04d9ccfa28','2021-05-17 15:40:34','2021-05-17 12:53:50','PAUSE'),(847,'98d06ea2-3167-46ed-9fbd-6b04d9ccfa28','2021-05-17 15:51:09','2021-05-17 12:53:50','START'),(848,'98d06ea2-3167-46ed-9fbd-6b04d9ccfa28','2021-05-17 18:08:13','2021-05-17 12:53:50','PAUSE'),(849,'98d06ea2-3167-46ed-9fbd-6b04d9ccfa28','2021-05-17 18:08:17','2021-05-17 12:53:50','END'),(850,'0233867f-fb3b-4244-bda6-9dbc6e8ef272','2021-05-17 16:56:23','2021-05-17 16:56:23','PAUSE'),(851,'0233867f-fb3b-4244-bda6-9dbc6e8ef272','2021-05-17 16:56:27','2021-05-17 16:56:23','START'),(852,'0233867f-fb3b-4244-bda6-9dbc6e8ef272','2021-05-17 20:09:27','2021-05-17 16:56:23','END'),(853,'1e336c82-ba5c-4f60-887c-7d6b16d6b22c','2021-05-18 00:17:21','2021-05-18 00:17:21','PAUSE'),(854,'1e336c82-ba5c-4f60-887c-7d6b16d6b22c','2021-05-18 00:25:18','2021-05-18 00:17:21','START'),(855,'1e336c82-ba5c-4f60-887c-7d6b16d6b22c','2021-05-18 00:25:20','2021-05-18 00:17:21','PAUSE'),(856,'1e336c82-ba5c-4f60-887c-7d6b16d6b22c','2021-05-18 00:25:23','2021-05-18 00:17:21','START'),(857,'1e336c82-ba5c-4f60-887c-7d6b16d6b22c','2021-05-18 00:25:28','2021-05-18 00:17:21','PAUSE'),(858,'1e336c82-ba5c-4f60-887c-7d6b16d6b22c','2021-05-18 00:25:32','2021-05-18 00:17:21','START'),(859,'1e336c82-ba5c-4f60-887c-7d6b16d6b22c','2021-05-18 00:25:37','2021-05-18 00:17:21','PAUSE'),(860,'1e336c82-ba5c-4f60-887c-7d6b16d6b22c','2021-05-18 00:27:42','2021-05-18 00:17:21','START'),(861,'1e336c82-ba5c-4f60-887c-7d6b16d6b22c','2021-05-18 00:27:45','2021-05-18 00:17:21','PAUSE'),(862,'1e336c82-ba5c-4f60-887c-7d6b16d6b22c','2021-05-18 00:27:54','2021-05-18 00:17:21','START'),(863,'1e336c82-ba5c-4f60-887c-7d6b16d6b22c','2021-05-18 00:27:55','2021-05-18 00:17:21','PAUSE'),(864,'1e336c82-ba5c-4f60-887c-7d6b16d6b22c','2021-05-18 00:32:10','2021-05-18 00:17:21','START'),(865,'1e336c82-ba5c-4f60-887c-7d6b16d6b22c','2021-05-18 00:32:31','2021-05-18 00:17:21','PAUSE'),(866,'1e336c82-ba5c-4f60-887c-7d6b16d6b22c','2021-05-18 00:33:51','2021-05-18 00:17:21','START'),(867,'1e336c82-ba5c-4f60-887c-7d6b16d6b22c','2021-05-18 00:34:28','2021-05-18 00:17:21','PAUSE'),(868,'1e336c82-ba5c-4f60-887c-7d6b16d6b22c','2021-05-18 00:34:51','2021-05-18 00:17:21','END'),(869,'1e336c82-ba5c-4f60-887c-7d6b16d6b22c','2021-05-18 00:38:53','2021-05-18 00:38:53','PAUSE'),(870,'1e336c82-ba5c-4f60-887c-7d6b16d6b22c','2021-05-18 00:38:59','2021-05-18 00:38:53','START'),(871,'1e336c82-ba5c-4f60-887c-7d6b16d6b22c','2021-05-18 00:39:01','2021-05-18 00:38:53','PAUSE'),(872,'1e336c82-ba5c-4f60-887c-7d6b16d6b22c','2021-05-18 00:39:08','2021-05-18 00:38:53','START'),(873,'1e336c82-ba5c-4f60-887c-7d6b16d6b22c','2021-05-18 00:47:29','2021-05-18 00:38:53','END'),(874,'1e336c82-ba5c-4f60-887c-7d6b16d6b22c','2021-05-18 00:56:36','2021-05-18 00:56:36','PAUSE'),(875,'1e336c82-ba5c-4f60-887c-7d6b16d6b22c','2021-05-18 00:58:13','2021-05-18 00:56:36','END'),(876,'1e336c82-ba5c-4f60-887c-7d6b16d6b22c','2021-05-18 00:58:22','2021-05-18 00:58:22','PAUSE'),(877,'1e336c82-ba5c-4f60-887c-7d6b16d6b22c','2021-05-18 00:59:49','2021-05-18 00:58:22','START'),(878,'1e336c82-ba5c-4f60-887c-7d6b16d6b22c','2021-05-18 01:02:15','2021-05-18 00:58:22','PAUSE'),(879,'1e336c82-ba5c-4f60-887c-7d6b16d6b22c','2021-05-18 01:03:44','2021-05-18 00:58:22','START'),(880,'1e336c82-ba5c-4f60-887c-7d6b16d6b22c','2021-05-18 01:03:47','2021-05-18 00:58:22','PAUSE'),(881,'1e336c82-ba5c-4f60-887c-7d6b16d6b22c','2021-05-18 01:08:48','2021-05-18 00:58:22','START'),(882,'1e336c82-ba5c-4f60-887c-7d6b16d6b22c','2021-05-18 01:08:51','2021-05-18 00:58:22','PAUSE'),(883,'1e336c82-ba5c-4f60-887c-7d6b16d6b22c','2021-05-18 01:09:34','2021-05-18 00:58:22','START'),(884,'1e336c82-ba5c-4f60-887c-7d6b16d6b22c','2021-05-18 01:09:39','2021-05-18 00:58:22','PAUSE'),(885,'1e336c82-ba5c-4f60-887c-7d6b16d6b22c','2021-05-18 01:20:22','2021-05-18 00:58:22','END'),(886,'1e336c82-ba5c-4f60-887c-7d6b16d6b22c','2021-05-18 01:20:30','2021-05-18 01:20:30','PAUSE'),(887,'1e336c82-ba5c-4f60-887c-7d6b16d6b22c','2021-05-18 01:20:33','2021-05-18 01:20:30','START'),(888,'1e336c82-ba5c-4f60-887c-7d6b16d6b22c','2021-05-18 01:20:38','2021-05-18 01:20:30','PAUSE'),(889,'1e336c82-ba5c-4f60-887c-7d6b16d6b22c','2021-05-18 01:20:48','2021-05-18 01:20:30','START'),(890,'1e336c82-ba5c-4f60-887c-7d6b16d6b22c','2021-05-18 01:20:50','2021-05-18 01:20:30','PAUSE'),(891,'1e336c82-ba5c-4f60-887c-7d6b16d6b22c','2021-05-18 01:20:52','2021-05-18 01:20:30','START'),(892,'1e336c82-ba5c-4f60-887c-7d6b16d6b22c','2021-05-18 01:22:18','2021-05-18 01:20:30','END'),(893,'1e336c82-ba5c-4f60-887c-7d6b16d6b22c','2021-05-18 01:22:23','2021-05-18 01:22:23','PAUSE'),(894,'1e336c82-ba5c-4f60-887c-7d6b16d6b22c','2021-05-18 01:22:27','2021-05-18 01:22:23','START'),(895,'1e336c82-ba5c-4f60-887c-7d6b16d6b22c','2021-05-18 01:22:35','2021-05-18 01:22:23','PAUSE'),(896,'1e336c82-ba5c-4f60-887c-7d6b16d6b22c','2021-05-18 01:22:38','2021-05-18 01:22:23','START'),(897,'1e336c82-ba5c-4f60-887c-7d6b16d6b22c','2021-05-18 01:22:44','2021-05-18 01:22:23','END'),(898,'1e336c82-ba5c-4f60-887c-7d6b16d6b22c','2021-05-18 01:22:50','2021-05-18 01:22:50','PAUSE'),(899,'1e336c82-ba5c-4f60-887c-7d6b16d6b22c','2021-05-18 01:22:52','2021-05-18 01:22:50','START'),(900,'1e336c82-ba5c-4f60-887c-7d6b16d6b22c','2021-05-18 01:23:02','2021-05-18 01:22:50','END'),(901,'1e336c82-ba5c-4f60-887c-7d6b16d6b22c','2021-05-18 01:23:07','2021-05-18 01:23:07','PAUSE'),(902,'1e336c82-ba5c-4f60-887c-7d6b16d6b22c','2021-05-18 01:23:12','2021-05-18 01:23:07','END'),(903,'1e336c82-ba5c-4f60-887c-7d6b16d6b22c','2021-05-18 01:23:15','2021-05-18 01:23:15','PAUSE'),(904,'1e336c82-ba5c-4f60-887c-7d6b16d6b22c','2021-05-18 01:23:17','2021-05-18 01:23:15','START'),(905,'1e336c82-ba5c-4f60-887c-7d6b16d6b22c','2021-05-18 01:23:22','2021-05-18 01:23:15','PAUSE'),(906,'1e336c82-ba5c-4f60-887c-7d6b16d6b22c','2021-05-18 01:23:27','2021-05-18 01:23:15','END'),(907,'1e336c82-ba5c-4f60-887c-7d6b16d6b22c','2021-05-18 01:23:33','2021-05-18 01:23:33','PAUSE'),(908,'1e336c82-ba5c-4f60-887c-7d6b16d6b22c','2021-05-18 01:23:36','2021-05-18 01:23:33','START'),(909,'1e336c82-ba5c-4f60-887c-7d6b16d6b22c','2021-05-18 01:23:59','2021-05-18 01:23:33','END'),(910,'1e336c82-ba5c-4f60-887c-7d6b16d6b22c','2021-05-18 01:24:08','2021-05-18 01:24:08','PAUSE'),(911,'1e336c82-ba5c-4f60-887c-7d6b16d6b22c','2021-05-18 01:24:11','2021-05-18 01:24:08','START'),(912,'1e336c82-ba5c-4f60-887c-7d6b16d6b22c','2021-05-18 01:25:27','2021-05-18 01:24:08','END'),(913,'1e336c82-ba5c-4f60-887c-7d6b16d6b22c','2021-05-18 01:25:33','2021-05-18 01:25:33','PAUSE'),(914,'1e336c82-ba5c-4f60-887c-7d6b16d6b22c','2021-05-18 01:25:36','2021-05-18 01:25:33','START'),(915,'1e336c82-ba5c-4f60-887c-7d6b16d6b22c','2021-05-18 01:25:59','2021-05-18 01:25:33','END'),(916,'ee8c93c0-36bf-44be-b7f2-3ebedcc38c65','2021-05-18 00:34:33','2021-05-18 00:34:33','PAUSE'),(917,'ee8c93c0-36bf-44be-b7f2-3ebedcc38c65','2021-05-18 00:34:40','2021-05-18 00:34:33','START'),(918,'ee8c93c0-36bf-44be-b7f2-3ebedcc38c65','2021-05-18 01:30:19','2021-05-18 00:34:33','PAUSE'),(919,'ee8c93c0-36bf-44be-b7f2-3ebedcc38c65','2021-05-18 01:45:00','2021-05-18 00:34:33','END');
/*!40000 ALTER TABLE `study` ENABLE KEYS */;
UNLOCK TABLES;

--
-- Table structure for table `user`
--

DROP TABLE IF EXISTS `user`;
/*!40101 SET @saved_cs_client     = @@character_set_client */;
/*!40101 SET character_set_client = utf8 */;
CREATE TABLE `user` (
  `id` varchar(50) CHARACTER SET utf8mb4 COLLATE utf8mb4_unicode_ci NOT NULL DEFAULT ' ',
  `nickname` varchar(50) CHARACTER SET utf8mb4 COLLATE utf8mb4_unicode_ci NOT NULL,
  `category` varchar(50) CHARACTER SET utf8mb4 COLLATE utf8mb4_unicode_ci DEFAULT NULL,
  `kakao_id` varchar(50) DEFAULT NULL,
  `google_id` varchar(50) DEFAULT NULL,
  `created_at` datetime DEFAULT NULL,
  `created_by` varchar(50) DEFAULT NULL,
  `updated_at` datetime DEFAULT NULL,
  `updated_by` varchar(50) DEFAULT NULL,
  `email` varchar(255) DEFAULT NULL,
  PRIMARY KEY (`id`)
) ENGINE=InnoDB DEFAULT CHARSET=utf8mb4;
/*!40101 SET character_set_client = @saved_cs_client */;

--
-- Dumping data for table `user`
--

LOCK TABLES `user` WRITE;
/*!40000 ALTER TABLE `user` DISABLE KEYS */;
INSERT INTO `user` VALUES ('0233867f-fb3b-4244-bda6-9dbc6e8ef272','0cheol','대학원','1710970888',NULL,'2021-05-12 07:07:34','Server 1','2021-05-12 07:07:34','Server 1',NULL),('0411cc44-5abe-4d53-9b5a-a4cfb83278fb','안녕하세옹','기타','',NULL,'2021-05-13 07:46:25','Server 1','2021-05-13 07:46:25','Server 1',NULL),('1e336c82-ba5c-4f60-887c-7d6b16d6b22c','pyc','취업준비생','1718930743',NULL,'2021-05-12 07:07:36','Server 1','2021-05-12 07:07:36','Server 1',NULL),('6c05c3ca-b270-456f-baa0-1c1df77c2232','왜지웠어','중학생','1720082099',NULL,'2021-05-12 08:17:32','Server 1','2021-05-12 08:17:32','Server 1',NULL),('98d06ea2-3167-46ed-9fbd-6b04d9ccfa28','유정','취업준비생','1719940101',NULL,'2021-05-12 07:07:57','Server 1','2021-05-12 07:07:57','Server 1',NULL),('e6e72381-a454-4394-9b97-f2b4597c9546','ssafy','N','1710970889',NULL,'2021-04-29 08:28:50','Server 1','2021-04-29 08:28:50','Server 1',NULL),('ee8c93c0-36bf-44be-b7f2-3ebedcc38c65','안양불빠따','취업준비생','1727624999',NULL,'2021-05-13 13:33:35','Server 1','2021-05-13 13:33:35','Server 1',NULL);
/*!40000 ALTER TABLE `user` ENABLE KEYS */;
UNLOCK TABLES;
/*!40103 SET TIME_ZONE=@OLD_TIME_ZONE */;

/*!40101 SET SQL_MODE=@OLD_SQL_MODE */;
/*!40014 SET FOREIGN_KEY_CHECKS=@OLD_FOREIGN_KEY_CHECKS */;
/*!40014 SET UNIQUE_CHECKS=@OLD_UNIQUE_CHECKS */;
/*!40101 SET CHARACTER_SET_CLIENT=@OLD_CHARACTER_SET_CLIENT */;
/*!40101 SET CHARACTER_SET_RESULTS=@OLD_CHARACTER_SET_RESULTS */;
/*!40101 SET COLLATION_CONNECTION=@OLD_COLLATION_CONNECTION */;
/*!40111 SET SQL_NOTES=@OLD_SQL_NOTES */;

-- Dump completed on 2021-05-18  1:49:49
